F12.0	737335004	förgiftning orsakad av syntetisk kannabinoid	1	Synthetic cannabinoid intoxication (disorder)	ALWAYS F12.0
F12.0	737339005	delirium orsakat av syntetisk kannabinoid	1	Delirium caused by synthetic cannabinoid (disorder)	ALWAYS F12.0
F12.0	39807006	delirium orsakat av kannabisintoxikation	1	Cannabis intoxication delirium (disorder)	ALWAYS F12.0
F02.1	429458009	demens orsakad av Creutzfeldt-Jakobs sjukdom	2	Dementia due to Creutzfeldt Jakob disease (disorder)	ALWAYS F02.1 | THIS CODE MAY BE USED IN THE PRIMARY POSITION WHEN THE MANIFESTATION IS THE PRIMARY FOCUS OF CARE
F06.2	737225007	sekundärt psykotiskt syndrom med hallucinationer och vanföreställningar	2	Secondary psychotic syndrome with hallucinations and delusions (disorder)	ALWAYS F06.2 | POSSIBLE REQUIREMENT FOR ADDITIONAL CODE TO FULLY DESCRIBE DISEASE OR CONDITION
F06.2	5510009	organiskt vanföreställningssyndrom	1	Organic delusional disorder (disorder)	ALWAYS F06.2 | POSSIBLE REQUIREMENT FOR CAUSATIVE AGENT CODE
F10.0	25702006	alkoholintoxikation	1	Alcohol intoxication (disorder)	ALWAYS F10.0
F10.0	228315001	dricker periodvis	1	Binge drinker (finding)	ALWAYS F10.0
F10.0	228341007	kan inte avstå från att dricka	1	Unable to abstain from drinking (finding)	ALWAYS F10.0
F10.0	228357007	kvarstående effekt av alkohol	1	Persistent effect of alcohol (finding)	ALWAYS F10.0
F10.0	32553006	baksmälla	1	Hangover (finding)	ALWAYS F10.0
F10.0	18653004	delirium orsakat av alkoholintoxikation	1	Alcohol intoxication delirium (disorder)	ALWAYS F10.0
F14.5	30491001	kokainutlöst vanföreställningssyndrom	1	Cocaine delusional disorder (disorder)	ALWAYS F14.5
F14.5	6348008	kokainutlöst psykotiskt syndrom med hallucinationer	1	Cocaine-induced psychotic disorder with hallucinations (disorder)	ALWAYS F14.5
F14.5	724689006	psykotiskt syndrom orsakat av kokain	1	Psychotic disorder caused by cocaine (disorder)	ALWAYS F14.5
F14.5	735750005	psykotiskt syndrom orsakat av kokain och med schizofreniforma symtom	1	Psychotic disorder with schizophreniform symptoms caused by cocaine (disorder)	ALWAYS F14.5
F10.5	723927004	psykotiskt syndrom orsakat av alkohol och med schizofreniforma symtom	1	Psychotic disorder caused by alcohol with schizophreniform symptoms (disorder)	ALWAYS F10.5
F10.5	191476005	hallucinationer orsakade av alkoholabstinens	1	Alcohol withdrawal hallucinosis (disorder)	ALWAYS F10.5
F10.5	7052005	alkoholhallucinos	1	Alcohol hallucinosis (disorder)	ALWAYS F10.5
F10.5	191478006	alkoholparanoia	1	Alcoholic paranoia (disorder)	ALWAYS F10.5
F10.5	42344001	alkoholutlöst psykos	1	Alcohol-induced psychosis (disorder)	ALWAYS F10.5
F10.5	61144001	alkoholutlöst psykotiskt syndrom med vanföreställningar	1	Alcohol-induced psychotic disorder with delusions (disorder)	ALWAYS F10.5
F10.5	787768005	psykotisk beteende orsakat av intagbar alkohol	1	Psychotic behavior caused by ingestible alcohol (finding)	ALWAYS F10.5
F30.2	191586008	svår enstaka manisk episod med psykos	1	Single manic episode, severe, with psychosis (disorder)	ALWAYS F30.2
F30.2	41832009	svår bipolär sjukdom typ 1, enstaka manisk episod med psykotiska symtom	1	Severe bipolar I disorder, single manic episode with psychotic features (disorder)	ALWAYS F30.2
F30.2	191595000	svåra recidiverande maniska episoder med psykos	1	Recurrent manic episodes, severe, with psychosis (disorder)	ALWAYS F30.2
F30.2	231495000	manisk stupor	1	Manic stupor (disorder)	ALWAYS F30.2
F13.3	23601000119102	abstinens efter sedativum	1	Sedative withdrawal (disorder)	ALWAYS F13.3
F13.3	724668002	abstinens efter sedativa med kramper	1	Seizure co-occurrent and due to sedative withdrawal (disorder)	ALWAYS F13.3
F13.3	724670006	krampanfall samtidigt med och orsakat av abstinens efter anxiolytika	1	Seizure co-occurrent and due to anxiolytic withdrawal (disorder)	ALWAYS F13.3
F13.3	425339005	barbituratabstinens	1	Barbiturate withdrawal (disorder)	ALWAYS F13.3
F13.3	724669005	krampanfall samtidigt med och orsakat av abstinens efter hypnotika	1	Seizure co-occurrent and due to hypnotic withdrawal (disorder)	ALWAYS F13.3
F13.3	724663006	abstinens efter hypnotika, utan komplikation	1	Hypnotic withdrawal without complication (disorder)	ALWAYS F13.3
F13.3	724666003	abstinens efter hypnotika med perceptionsstörningar	1	Perceptual disturbances co-occurrent and due to hypnotic withdrawal (disorder)	ALWAYS F13.3
F13.3	724662001	abstinens efter sedativa, utan komplikation	1	Sedative withdrawal without complication (disorder)	ALWAYS F13.3
F13.3	724667007	abstinens efter anxiolytika med perceptuella störningar	1	Perceptual disturbances co-occurrent and due to anxiolytic withdrawal (disorder)	ALWAYS F13.3
F13.3	724660009	abstinens efter hypnotika	1	Hypnotic withdrawal (disorder)	ALWAYS F13.3
F13.3	724672003	perceptuella störningar och kramper samtidigt med och orsakat av abstinens efter hypnotika	1	Perceptual disturbances and seizures co-occurrent and due to hypnotic withdrawal (disorder)	ALWAYS F13.3
F13.3	724664000	abstinens efter anxiolytika, utan komplikation	1	Anxiolytic withdrawal without complication (disorder)	ALWAYS F13.3
F13.3	703849002	bensodiazepinabstinens	1	Benzodiazepine withdrawal (disorder)	ALWAYS F13.3
F13.3	724665004	abstinens efter sedativa med perceptionsstörningar	1	Perceptual disturbances co-occurrent and due to sedative withdrawal (disorder)	ALWAYS F13.3
F13.3	10028000	okomplicerad abstinens efter sedativa, hypnotika eller anxiolytika	1	Uncomplicated sedative, hypnotic AND/OR anxiolytic withdrawal (disorder)	ALWAYS F13.3
F13.3	724661008	abstinens efter anxiolytika	1	Anxiolytic withdrawal (disorder)	ALWAYS F13.3
F13.3	724671005	perceptionsstörningar och kramper samtidigt med och orsakat av abstinens efter sedativa	1	Perceptual disturbances and seizures co-occurrent and due to sedative withdrawal (disorder)	ALWAYS F13.3
F01.9	191465006	aterosklerotisk demens med paranoia	1	Arteriosclerotic dementia with paranoia (disorder)	ALWAYS F01.9 | POSSIBLE REQUIREMENT FOR ADDITIONAL CODE TO FULLY DESCRIBE DISEASE OR CONDITION
F01.9	16276361000119109	vaskulär demens utan beteendestörning	1	Vascular dementia without behavioral disturbance (disorder)	ALWAYS F01.9 | POSSIBLE REQUIREMENT FOR ADDITIONAL CODE TO FULLY DESCRIBE DISEASE OR CONDITION
F01.9	191464005	aterosklerotisk demens med delirium	1	Arteriosclerotic dementia with delirium (disorder)	ALWAYS F01.9
F01.9	191463004	okomplicerad aterosklerotisk demens	1	Uncomplicated arteriosclerotic dementia (disorder)	ALWAYS F01.9
F01.9	698948009	vaskulär demens i remission	1	Vascular dementia in remission (disorder)	ALWAYS F01.9
F01.9	191466007	aterosklerotisk demens med depression	1	Arteriosclerotic dementia with depression (disorder)	ALWAYS F01.9
F01.9	288631000119104	vaskulär demens med beteendestörning	1	Vascular dementia with behavioral disturbance (disorder)	ALWAYS F01.9
F01.9	429998004	vaskulär demens	1	Vascular dementia (disorder)	ALWAYS F01.9
F06.0	45912004	organisk hallucinos	1	Organic hallucinosis (disorder)	ALWAYS F06.0
F06.0	193756007	Charles Bonnets syndrom	1	Charles Bonnet syndrome (disorder)	ALWAYS F06.0
F06.0	737225007	sekundärt psykotiskt syndrom med hallucinationer och vanföreställningar	1	Secondary psychotic syndrome with hallucinations and delusions (disorder)	ALWAYS F06.0 | POSSIBLE REQUIREMENT FOR ADDITIONAL CODE TO FULLY DESCRIBE DISEASE OR CONDITION
F20.3	39610001	odifferentierad schizofreni i remission	1	Undifferentiated schizophrenia in remission (disorder)	ALWAYS F20.3
F20.3	85861002	subkronisk odifferentierad schizofreni	1	Subchronic undifferentiated schizophrenia (disorder)	ALWAYS F20.3
F20.3	111484002	odifferentierad schizofreni	1	Undifferentiated schizophrenia (disorder)	ALWAYS F20.3
F20.3	7025000	subkronisk odifferentierad schizofreni med akuta exacerbationer	1	Subchronic undifferentiated schizophrenia with acute exacerbations (disorder)	ALWAYS F20.3
F23.8	191680007	psykogen paranoid psykos	1	Psychogenic paranoid psychosis (disorder)	ALWAYS F23.8
F20.9	191526005	schizofrena störningar	1	Schizophrenic disorders (disorder)	ALWAYS F20.9
F20.9	16990005	subkronisk schizofreni	1	Subchronic schizophrenia (disorder)	ALWAYS F20.9
F20.9	58214004	schizofreni	1	Schizophrenia (disorder)	ALWAYS F20.9
F24	191670008	inducerad psykos	1	Shared paranoid disorder (disorder)	ALWAYS F24
F24	63395003	folie à trois	1	Folie à trois (finding)	ALWAYS F24
F24	61831009	inducerat psykotiskt syndrom	1	Induced psychotic disorder (disorder)	ALWAYS F24
F25.2	270901009	schizoaffektivt syndrom, blandad typ	1	Schizoaffective disorder, mixed type (disorder)	ALWAYS F25.2
F25.2	38368003	schizoaffektivt syndrom, bipolär typ	1	Schizoaffective disorder, bipolar type (disorder)	ALWAYS F25.2
F12.3	737338002	abstinens från syntetisk kannabinoid	1	Synthetic cannabinoid withdrawal (disorder)	ALWAYS F12.3
F12.3	703848005	kannabisabstinens	1	Cannabis withdrawal (disorder)	ALWAYS F12.3
F13.7	59651006	sedativa-, hypnotika- och/eller anxiolytikautlöst varaktig demens	1	Sedative, hypnotic AND/OR anxiolytic-induced persisting dementia (disorder)	ALWAYS F13.7
F31.6	191639000	medelsvår blandad bipolär affektiv sjukdom	1	Mixed bipolar affective disorder, moderate (disorder)	ALWAYS F31.6
F31.6	191636007	blandad bipolär affektiv sjukdom	1	Mixed bipolar affective disorder (disorder)	ALWAYS F31.6
F31.6	767633005	bipolär affektiv sjukdom, senaste episod blandad	1	Bipolar affective disorder, most recent episode mixed (disorder)	ALWAYS F31.6
F31.6	191638008	lindrig blandad bipolär affektiv sjukdom	1	Mixed bipolar affective disorder, mild (disorder)	ALWAYS F31.6
F31.6	271000119101	svår blandad bipolär sjukdom typ 1	1	Severe mixed bipolar I disorder (disorder)	ALWAYS F31.6
F31.6	46229002	svår blandad bipolär sjukdom typ 1 utan psykotiska symtom	1	Severe mixed bipolar I disorder without psychotic features (disorder)	ALWAYS F31.6
F31.6	191641004	svår blandad bipolär affektiv sjukdom med psykos	1	Mixed bipolar affective disorder, severe, with psychosis (disorder)	ALWAYS F31.6
F31.6	65042007	bipolär sjukdom typ 1, senaste episod blandad med postpartumdebut	1	Bipolar I disorder, most recent episode mixed with postpartum onset (disorder)	ALWAYS F31.6
F31.6	64731001	svår blandad bipolär sjukdom typ 1 med stämningskongruenta psykotiska symtom	1	Severe mixed bipolar I disorder with psychotic features, mood-congruent (disorder)	ALWAYS F31.6
F31.6	73471000	bipolär sjukdom typ 1, senaste episod blandad med katatona symtom	1	Bipolar I disorder, most recent episode mixed with catatonic features (disorder)	ALWAYS F31.6
F31.6	10981006	svår blandad bipolär sjukdom typ 1 med psykotiska symtom	1	Severe mixed bipolar I disorder with psychotic features (disorder)	ALWAYS F31.6
F31.6	29929003	bipolär sjukdom typ 1, senaste episod depression med atypiska symtom	1	Bipolar I disorder, most recent episode depressed with atypical features (disorder)	ALWAYS F31.6
F31.6	10875004	svår blandad bipolär sjukdom typ 1 med stämningsinkongruenta psykotiska symtom	1	Severe mixed bipolar I disorder with psychotic features, mood-incongruent (disorder)	ALWAYS F31.6
F31.6	16506000	bipolär sjukdom typ 1, blandad form	1	Mixed bipolar I disorder (disorder)	ALWAYS F31.6
F31.6	43769008	lindrig bipolär sjukdom typ 1, blandad form	1	Mild mixed bipolar I disorder (disorder)	ALWAYS F31.6
F31.6	40926005	medelsvår blandad bipolär sjukdom typ 1	1	Moderate mixed bipolar I disorder (disorder)	ALWAYS F31.6
F31.6	192362008	bipolär affektiv sjukdom, nuvarande episod blandad	1	Bipolar affective disorder, current episode mixed (disorder)	ALWAYS F31.6
F14.0	70328006	kokaindelirium	1	Cocaine delirium (disorder)	ALWAYS F14.0
F14.0	27956007	kokainintoxikation	1	Cocaine intoxication (disorder)	ALWAYS F14.0
F06.4	17496003	organiskt ångestsyndrom	1	Organic anxiety disorder (disorder)	ALWAYS F06.4
F06.4	52910006	ångestsyndrom med somatisk grund	1	Anxiety disorder due to a general medical condition (disorder)	ALWAYS F06.4
F11.4	16279021000119106	delirium orsakat av opioidabstinens	1	Delirium due to opioid withdrawal (disorder)	ALWAYS F11.4
F41.0	53956006	paniksyndrom utan agorafobi med panikattacker i partiell remission	1	Panic disorder without agoraphobia with panic attacks in partial remission (disorder)	ALWAYS F41.0
F41.0	65064003	paniksyndrom utan agorafobi med medelsvåra panikattacker	1	Panic disorder without agoraphobia with moderate panic attacks (disorder)	ALWAYS F41.0
F41.0	72861004	paniksyndrom utan agorafobi med lindriga panikattacker	1	Panic disorder without agoraphobia with mild panic attacks (disorder)	ALWAYS F41.0
F41.0	417676004	vid undersökning: panikattack	1	On examination - panic attack (finding)	ALWAYS F41.0
F41.0	231502005	situationsbetingad panikattack	1	Situational panic attack (finding)	ALWAYS F41.0
F41.0	371631005	paniksyndrom	1	Panic disorder (disorder)	ALWAYS F41.0
F41.0	56576003	paniksyndrom utan agorafobi	1	Panic disorder without agoraphobia (disorder)	ALWAYS F41.0
F41.0	231503000	icke situationsbetingad panikattack	1	Non-situational panic attack (finding)	ALWAYS F41.0
F41.0	225624000	panikattack	1	Panic attack (finding)	ALWAYS F41.0
F41.0	43150009	paniksyndrom utan agorafobi med svåra panikattacker	1	Panic disorder without agoraphobia with severe panic attacks (disorder)	ALWAYS F41.0
F41.0	79823003	panik	1	Panic (finding)	ALWAYS F41.0
F41.0	82494000	paniksyndrom utan agorafobi med panikattacker i fullständig remission	1	Panic disorder without agoraphobia with panic attacks in full remission (disorder)	ALWAYS F41.0
F41.0	395017009	kontaktorsak: panikattack	1	Complaining of panic attack (finding)	ALWAYS F41.0
F41.0	80583007	svår ångest, panik	1	Severe anxiety (panic) (finding)	ALWAYS F41.0
F32.9	10835871000119104	depression hos moder som komplicerar förlossning	2	Depressive disorder in mother complicating childbirth (disorder)	ALWAYS F32.9
F32.9	191455000	presenil demens med depression	2	Presenile dementia with depression (disorder)	ALWAYS F32.9
F32.9	162722001	vid undersökning: deprimerad	1	On examination - depressed (disorder)	ALWAYS F32.9
F32.9	82218004	postoperativ depression	1	Postoperative depression (disorder)	ALWAYS F32.9
F32.9	87414006	reaktiv depression (situationsbetingad)	1	Reactive depression (situational) (disorder)	ALWAYS F32.9
F32.9	10532003	primär degenerativ demens av Alzheimertyp, presenil debut, med depression	3	Primary degenerative dementia of the Alzheimer type, presenile onset, with depression (disorder)	ALWAYS F32.9
F32.9	112001000119100	positivt resultat vid screening för depression enligt PHQ-9-frågeformuläret (Patient health questionnaire-nine item)	1	Positive screening for depression on Patient Health Questionnaire 9 (finding)	ALWAYS F32.9
F32.9	14070001	multiinfarktdemens med depression	2	Multi-infarct dementia with depression (disorder)	ALWAYS F32.9
F32.9	26852004	primär degenerativ demens av Alzheimertyp, senil debut, med depression	3	Primary degenerative dementia of the Alzheimer type, senile onset, with depression (disorder)	ALWAYS F32.9
F32.9	699184009	Perrys syndrom	3	Perry syndrome (disorder)	ALWAYS F32.9
F32.9	788120007	Antenatal depression	2	Antenatal depression (disorder)	ALWAYS F32.9
F32.9	191466007	aterosklerotisk demens med depression	2	Arteriosclerotic dementia with depression (disorder)	ALWAYS F32.9
F32.9	35489007	depression	1	Depressive disorder (disorder)	ALWAYS F32.9
F32.9	712823008	egentlig depression	1	Acute depression (disorder)	ALWAYS F32.9
F32.9	36923009	egentlig depression, enstaka episod	1	Major depression, single episode (disorder)	ALWAYS F32.9
F32.9	94631000119100	depression hos moder som komplicerar graviditet	2	Depressive disorder in mother complicating pregnancy (disorder)	ALWAYS F32.9
F32.9	698957003	depression i remission	1	Depressive disorder in remission (disorder)	ALWAYS F32.9
F28	73917004	hallucinos	1	Hallucinosis (finding)	ALWAYS F28
F28	247676009	vanföreställning förenad med sexuella hallucinationer	1	Delusion associated with sexual hallucinations (finding)	ALWAYS F28
F02.2	442344002	demens orsakad av Huntingtons korea	2	Dementia due to Huntington chorea (disorder)	ALWAYS F02.2 | THIS CODE MAY BE USED IN THE PRIMARY POSITION WHEN THE MANIFESTATION IS THE PRIMARY FOCUS OF CARE
F02.2	82361000119107	beteendeförändring vid Huntingtons sjukdom	2	Altered behavior in dementia due to Huntington chorea (disorder)	ALWAYS F02.2 | THIS CODE MAY BE USED IN THE PRIMARY POSITION WHEN THE MANIFESTATION IS THE PRIMARY FOCUS OF CARE
F33.2	16264821000119108	recidiverande svår egentlig depression samtidig med ångest	1	Recurrent severe major depressive disorder co-occurrent with anxiety (disorder)	ALWAYS F33.2
F33.2	300706003	endogen depression	1	Endogenous depression (disorder)	ALWAYS F33.2
F33.2	40379007	lindrig recidiverande egentlig depression	1	Mild recurrent major depression (disorder)	ALWAYS F33.2
F33.2	319768000	recidiverande egentlig depression med melankoliska symtom	1	Recurrent major depressive disorder with melancholic features (disorder)	ALWAYS F33.2
F33.2	18818009	medelsvår recidiverande egentlig depression	1	Moderate recurrent major depression (disorder)	ALWAYS F33.2
F33.2	268621008	recidiverande egentliga depressiva episoder	1	Recurrent major depressive episodes (disorder)	ALWAYS F33.2
F33.2	36474008	svår recidiverande egentlig depression utan psykotiska symtom	1	Severe recurrent major depression without psychotic features (disorder)	ALWAYS F33.2
F33.2	720452006	måttligt svår recidiverande egentlig depression	1	Moderately severe recurrent major depression (disorder)	ALWAYS F33.2
F33.2	38694004	recidiverande egentlig depression med atypiska symtom	1	Recurrent major depressive disorder with atypical features (disorder)	ALWAYS F33.2
F33.2	274948002	recidiverande endogen depression	1	Endogenous depression - recurrent (disorder)	ALWAYS F33.2
F33.2	39809009	recidiverande egentlig depression med katatona symtom	1	Recurrent major depressive disorder with catatonic features (disorder)	ALWAYS F33.2
F33.2	231499006	endogen depression, första episoden	1	Endogenous depression first episode (disorder)	ALWAYS F33.2
F33.2	281000119103	svår egentlig depression, recidiverande	1	Severe recurrent major depression (disorder)	ALWAYS F33.2
F02.0	716667005	atrofi i höger temporallob	2	Right temporal atrophy variant frontotemporal dementia (disorder)	ALWAYS F02.0 | THIS CODE MAY BE USED IN THE PRIMARY POSITION WHEN THE MANIFESTATION IS THE PRIMARY FOCUS OF CARE
F02.0	21921000119103	demens orsakad av Picks sjukdom	2	Dementia co-occurrent and due to Pick's disease (disorder)	ALWAYS F02.0 | THIS CODE MAY BE USED IN THE PRIMARY POSITION WHEN THE MANIFESTATION IS THE PRIMARY FOCUS OF CARE
F02.0	702429008	frontotemporal demens med parkinsonism-17	2	Frontotemporal dementia with parkinsonism-17 (disorder)	ALWAYS F02.0 | THIS CODE MAY BE USED IN THE PRIMARY POSITION WHEN THE MANIFESTATION IS THE PRIMARY FOCUS OF CARE
F02.0	278857002	demens av frontallobstyp	2	Dementia of frontal lobe type (disorder)	ALWAYS F02.0 | THIS CODE MAY BE USED IN THE PRIMARY POSITION WHEN THE MANIFESTATION IS THE PRIMARY FOCUS OF CARE
F02.0	702393003	CHMP2B-relaterad frontotemporallobsdemens	2	Frontotemporal dementia with gene located on 3p11 (disorder)	ALWAYS F02.0 | THIS CODE MAY BE USED IN THE PRIMARY POSITION WHEN THE MANIFESTATION IS THE PRIMARY FOCUS OF CARE
F02.0	716994006	beteendevariant av frontotemporal demens	2	Behavioral variant of frontotemporal dementia (disorder)	ALWAYS F02.0 | THIS CODE MAY BE USED IN THE PRIMARY POSITION WHEN THE MANIFESTATION IS THE PRIMARY FOCUS OF CARE
F02.0	702426001	GRN-relaterad frontotemporal demens	2	GRN-related frontotemporal dementia (disorder)	ALWAYS F02.0 | THIS CODE MAY BE USED IN THE PRIMARY POSITION WHEN THE MANIFESTATION IS THE PRIMARY FOCUS OF CARE
F00.2	79341000119107	demens av blandtyp	2	Mixed dementia (disorder)	ALWAYS F00.2 | THIS CODE MAY BE USED IN THE PRIMARY POSITION WHEN THE MANIFESTATION IS THE PRIMARY FOCUS OF CARE
F30.9	191583000	lindrig enstaka manisk episod	1	Single manic episode, mild (disorder)	ALWAYS F30.9
F30.9	191584006	medelsvår enstaka manisk episod	1	Single manic episode, moderate (disorder)	ALWAYS F30.9
F30.9	191588009	enstaka manisk episod i fullständig remission	1	Single manic episode in full remission (disorder)	ALWAYS F30.9
F30.9	231494001	mani	1	Mania (disorder)	ALWAYS F30.9
F30.9	41552001	lindrig bipolär sjukdom typ 1, enstaka manisk episod	1	Mild bipolar I disorder, single manic episode (disorder)	ALWAYS F30.9
F30.9	268619003	manisk sjukdom, enstaka episod	1	Manic disorder, single episode (disorder)	ALWAYS F30.9
F30.9	405273008	maniskt stämningsläge	1	Manic mood (finding)	ALWAYS F30.9
F21	191559008	latent schizofreni	1	Latent schizophrenia (disorder)	ALWAYS F21
F21	191563001	akut exacerbation av subkronisk latent schizofreni	1	Acute exacerbation of subchronic latent schizophrenia (disorder)	ALWAYS F21
F21	191562006	kronisk latent schizofreni	1	Chronic latent schizophrenia (disorder)	ALWAYS F21
F21	31027006	schizotyp personlighetsstörning	1	Schizotypal personality disorder (disorder)	ALWAYS F21
F21	191564007	akut exacerbation av kronisk latent schizofreni	1	Acute exacerbation of chronic latent schizophrenia (disorder)	ALWAYS F21
F21	274952002	borderlineschizofreni	1	Borderline schizophrenia (disorder)	ALWAYS F21
F21	191565008	latent schizofreni i remission	1	Latent schizophrenia in remission (disorder)	ALWAYS F21
F21	247804008	prodromal schizofreni	1	Schizophrenic prodrome (disorder)	ALWAYS F21
F21	191561004	subkronisk latent schizofreni	1	Subchronic latent schizophrenia (disorder)	ALWAYS F21
F00.1	416975007	primär degenerativ demens av Alzheimertyp, senil debut	2	Primary degenerative dementia of the Alzheimer type, senile onset (disorder)	ALWAYS F00.1 | THIS CODE MAY BE USED IN THE PRIMARY POSITION WHEN THE MANIFESTATION IS THE PRIMARY FOCUS OF CARE
F00.1	55009008	primär degenerativ demens av Alzheimertyp, senil debut, med vanföreställningar	2	Primary degenerative dementia of the Alzheimer type, senile onset, with delusions (disorder)	ALWAYS F00.1 | THIS CODE MAY BE USED IN THE PRIMARY POSITION WHEN THE MANIFESTATION IS THE PRIMARY FOCUS OF CARE
F00.1	230268000	sent debuterande icke-familjär Alzheimers sjukdom	2	Non-familial Alzheimer's disease of late onset (disorder)	ALWAYS F00.1 | THIS CODE MAY BE USED IN THE PRIMARY POSITION WHEN THE MANIFESTATION IS THE PRIMARY FOCUS OF CARE
F00.1	4817008	primär degenerativ demens av Alzheimertyp, senil debut, med delirium	2	Primary degenerative dementia of the Alzheimer type, senile onset, with delirium (disorder)	ALWAYS F00.1 | THIS CODE MAY BE USED IN THE PRIMARY POSITION WHEN THE MANIFESTATION IS THE PRIMARY FOCUS OF CARE
F00.1	26852004	primär degenerativ demens av Alzheimertyp, senil debut, med depression	2	Primary degenerative dementia of the Alzheimer type, senile onset, with depression (disorder)	ALWAYS F00.1 | THIS CODE MAY BE USED IN THE PRIMARY POSITION WHEN THE MANIFESTATION IS THE PRIMARY FOCUS OF CARE
F00.1	66108005	primär degenerativ demens av Alzheimertyp, senil debut, okomplicerad	2	Primary degenerative dementia of the Alzheimer type, senile onset, uncomplicated (disorder)	ALWAYS F00.1 | THIS CODE MAY BE USED IN THE PRIMARY POSITION WHEN THE MANIFESTATION IS THE PRIMARY FOCUS OF CARE
F00.1	230267005	sent debuterande familjär Alzheimers sjukdom	2	Familial Alzheimer's disease of late onset (disorder)	ALWAYS F00.1 | THIS CODE MAY BE USED IN THE PRIMARY POSITION WHEN THE MANIFESTATION IS THE PRIMARY FOCUS OF CARE
F00.1	698954005	primär degenerativ demens av Alzheimertyp, senil debut i remission	2	Primary degenerative dementia of the Alzheimer type, senile onset in remission (disorder)	ALWAYS F00.1 | THIS CODE MAY BE USED IN THE PRIMARY POSITION WHEN THE MANIFESTATION IS THE PRIMARY FOCUS OF CARE
F00.1	16219201000119101	beteendestörning samtidig med och orsakad av sent debuterande Alzheimers sjukdom	2	Behavioral disturbance co-occurrent and due to late onset Alzheimer dementia (disorder)	ALWAYS F00.1 | THIS CODE MAY BE USED IN THE PRIMARY POSITION WHEN THE MANIFESTATION IS THE PRIMARY FOCUS OF CARE
F13.0	724716003	delirium orsakat av ketamin	1	Delirium caused by ketamine (disorder)	ALWAYS F13.0
F13.0	361149008	förgiftning orsakad av hypnotika	1	Hypnotic intoxication (disorder)	ALWAYS F13.0
F13.0	5444000	delirium orsakat av sedativa-, hypnotika- och/eller anxiolytikaintoxikation	1	Sedative, hypnotic AND/OR anxiolytic intoxication delirium (disorder)	ALWAYS F13.0
F13.4	703850002	delirium orsakat av bensodiazepinabstinens	1	Benzodiazepine withdrawal delirium (disorder)	ALWAYS F13.4
F13.4	361150008	delirium orsakat av abstinens efter sedativa, hypnotika eller anxiolytika	1	Sedative, hypnotic AND/OR anxiolytic withdrawal delirium (disorder)	ALWAYS F13.4
F13.4	361151007	delirium orsakat av abstinens efter sedativa	1	Sedative withdrawal delirium (disorder)	ALWAYS F13.4
F25.1	84760002	schizoaffektivt syndrom, depressiv typ	1	Schizoaffective disorder, depressive type (disorder)	ALWAYS F25.1
F06.3	83501007	organiskt förstämningssyndrom av blandad typ	1	Organic mood disorder of mixed type (disorder)	ALWAYS F06.3 | POSSIBLE REQUIREMENT FOR ADDITIONAL CODE TO FULLY DESCRIBE DISEASE OR CONDITION
F06.3	77486005	förstämningssyndrom med depressionsliknande episod orsakat av somatisk sjukdom	1	Mood disorder with major depressive-like episode due to general medical condition (disorder)	ALWAYS F06.3
F06.3	42594001	organiskt förstämningssyndrom av depressiv typ	1	Organic mood disorder of depressed type (disorder)	ALWAYS F06.3
F06.3	28676002	förstämningssyndrom med maniska symtom orsakat av somatisk sjukdom	1	Mood disorder with manic features due to general medical condition (disorder)	ALWAYS F06.3
F06.3	58329000	organiskt förstämningssyndrom av manisk typ	1	Organic mood disorder of manic type (disorder)	ALWAYS F06.3 | POSSIBLE REQUIREMENT FOR ADDITIONAL CODE TO FULLY DESCRIBE DISEASE OR CONDITION
F06.3	22419002	förstämningssyndrom med blandade symtom orsakat av somatisk sjukdom	1	Mood disorder with mixed features due to general medical condition (disorder)	ALWAYS F06.3
F06.3	37739004	förstämningssyndrom orsakat av somatisk sjukdom	1	Mood disorder due to a general medical condition (disorder)	ALWAYS F06.3
F06.3	23645006	organiskt förstämningssyndrom	1	Organic mood disorder (disorder)	ALWAYS F06.3 | POSSIBLE REQUIREMENT FOR CAUSATIVE AGENT CODE
F06.3	75837004	förstämningssyndrom med depressiva symtom orsakat av somatisk sjukdom	1	Mood disorder with depressive features due to general medical condition (disorder)	ALWAYS F06.3
F06.3	231444002	organisk bipolär sjukdom	1	Organic bipolar disorder (disorder)	ALWAYS F06.3 | POSSIBLE REQUIREMENT FOR ADDITIONAL CODE TO FULLY DESCRIBE DISEASE OR CONDITION
F20.1	31373002	hebefren schizofreni i remission	1	Disorganized schizophrenia in remission (disorder)	ALWAYS F20.1
F20.1	35218008	kronisk hebefren schizofreni med akuta exacerbationer	1	Chronic disorganized schizophrenia with acute exacerbation (disorder)	ALWAYS F20.1
F20.1	27387000	subkronisk hebefren schizofreni	1	Subchronic disorganized schizophrenia (disorder)	ALWAYS F20.1
F20.1	12939007	kronisk hebefren schizofreni	1	Chronic disorganized schizophrenia (disorder)	ALWAYS F20.1
F20.1	35252006	hebefren schizofreni	1	Disorganized schizophrenia (disorder)	ALWAYS F20.1
F20.1	14291003	subkronisk hebefren schizofreni med akuta exacerbationer	1	Subchronic disorganized schizophrenia with acute exacerbations (disorder)	ALWAYS F20.1
F02.4	421529006	demens i samband med AIDS	2	Dementia associated with acquired immunodeficiency syndrome (disorder)	ALWAYS F02.4 | THIS CODE MAY BE USED IN THE PRIMARY POSITION WHEN THE MANIFESTATION IS THE PRIMARY FOCUS OF CARE
F02.4	420614009	organisk demens i samband med AIDS	2	Organic dementia associated with acquired immunodeficiency syndrome (disorder)	ALWAYS F02.4 | THIS CODE MAY BE USED IN THE PRIMARY POSITION WHEN THE MANIFESTATION IS THE PRIMARY FOCUS OF CARE
F02.4	421023003	presenil demens i samband med AIDS	2	Presenile dementia associated with acquired immunodeficiency syndrome (disorder)	ALWAYS F02.4 | THIS CODE MAY BE USED IN THE PRIMARY POSITION WHEN THE MANIFESTATION IS THE PRIMARY FOCUS OF CARE
F10.3	288041000119101	perceptionsstörning orsakad av alkoholabstinens	1	Perceptual disturbance due to alcohol withdrawal (finding)	ALWAYS F10.3
F10.3	85561006	okomplicerad alkoholabstinens	1	Uncomplicated alcohol withdrawal (disorder)	ALWAYS F10.3
F10.3	723926008	perceptionsstörningar och kramper samtidigt med och orsakat av alkoholabstinens	1	Perceptual disturbances and seizures co-occurrent and due to alcohol withdrawal (disorder)	ALWAYS F10.3
F10.3	191480000	alkoholabstinenssyndrom	1	Alcohol withdrawal syndrome (disorder)	ALWAYS F10.3
F16.0	247703006	LSD-reaktion	1	Lysergic acid diethylamide reaction (finding)	ALWAYS F16.0
F16.0	724710009	förgiftning orsakad av drog eller läkemedel av dissociativ typ	1	Intoxication caused by dissociative drug (disorder)	ALWAYS F16.0
F16.0	724717007	delirium orsakat av drog eller läkemedel av dissociativ typ	1	Delirium caused by dissociative drug (disorder)	ALWAYS F16.0
F19.3	762672001	abstinens från syntetiskt katinon	1	Synthetic cathinone withdrawal (disorder)	ALWAYS F19.3
F19.3	724728006	perceptionsstörningar och kramper samtidigt med och orsakat av abstinens efter psykoaktiv substans	1	Perceptual disturbances and seizures co-occurrent and due to psychoactive substance withdrawal (disorder)	ALWAYS F19.3
F19.3	84584008	steroidabstinenssyndrom	1	Steroid withdrawal syndrome (disorder)	ALWAYS F19.3
F19.3	43242008	huvudvärk kopplad till drogabstinens	1	Drug withdrawal headache (finding)	ALWAYS F19.3
F19.3	724726005	perceptionsstörningar samtidigt med och orsakat av abstinens efter psykoaktiv substans	1	Perceptual disturbances co-occurrent and due to psychoactive substance withdrawal (disorder)	ALWAYS F19.3
F19.3	722971006	tremor orsakad av substansabstinens	2	Tremor due to drug withdrawal (finding)	ALWAYS F19.3
F19.3	416119007	vid undersökning: tecken på drogabstinens	1	On examination - signs of drug withdrawal (finding)	ALWAYS F19.3
F19.3	363101005	substansabstinens	1	Drug withdrawal (disorder)	ALWAYS F19.3
F19.3	95661003	ergotaminabstinens	1	Ergotamine withdrawal (disorder)	ALWAYS F19.3
F19.3	735235000	anfall samtidigt med och orsakat av substansabstinens	2	Seizure co-occurrent and due to drug withdrawal (disorder)	ALWAYS F19.3
F19.3	724727001	krampanfall samtidigt med och orsakat av abstinens efter psykoaktiv substans	1	Seizure co-occurrent and due to psychoactive substance withdrawal (disorder)	ALWAYS F19.3
F19.3	725121001	utsättningssyndrom efter behandling med selektiv serotoninåterupptagshämmare (SSRI-preparat)	1	Selective serotonin re-uptake inhibitor discontinuation syndrome (disorder)	ALWAYS F19.3
F19.3	724725009	abstinens efter pykoaktiv substans, utan komplikation	1	Psychoactive substance withdrawal without complication (disorder)	ALWAYS F19.3
F19.3	772133000	abstinens efter missbruk av droger för rekreation	1	Recreational drug misuse withdrawal (disorder)	ALWAYS F19.3
F10.4	8635005	delirium orsakat av alkoholabstinens	1	Alcohol withdrawal delirium (disorder)	ALWAYS F10.4
F32.3	77911002	svår egentlig depression, enstaka episod med stämningskongruenta psykotiska symtom	1	Severe major depression, single episode, with psychotic features, mood-congruent (disorder)	ALWAYS F32.3
F32.3	430852001	svår egentlig depression, enstaka episod med psykotiska symtom	1	Severe major depression, single episode, with psychotic features (disorder)	ALWAYS F32.3
F32.3	726772006	egentlig depression med psykotiska symtom	1	Major depression with psychotic features (disorder)	ALWAYS F32.3
F32.3	60099002	svår egentlig depression med stämningsinkongruenta psykotiska symtom	1	Severe major depression with psychotic features, mood-incongruent (disorder)	ALWAYS F32.3
F32.3	288751000119101	reaktiv depressiv psykos, enstaka episod	1	Reactive depressive psychosis, single episode (disorder)	ALWAYS F32.3
F32.3	191676002	reaktiv depressiv psykos	1	Reactive depressive psychosis (disorder)	ALWAYS F32.3
F32.3	73867007	svår egentlig depression med psykotiska symtom	1	Severe major depression with psychotic features (disorder)	ALWAYS F32.3
F32.3	191604000	svår enstaka egentlig depressiv episod med psykos	1	Single major depressive episode, severe, with psychosis (disorder)	ALWAYS F32.3
F32.3	20250007	svår egentlig depression, enstaka episod med stämingsinkongruenta psykotiska symtom	1	Severe major depression, single episode, with psychotic features, mood-incongruent (disorder)	ALWAYS F32.3
F32.3	33736005	svår egentlig depression med stämningskongruenta psykotiska symtom	1	Severe major depression with psychotic features, mood-congruent (disorder)	ALWAYS F32.3
F32.2	30605009	egentlig depression i partiell remission	1	Major depression in partial remission (disorder)	ALWAYS F32.2
F32.2	370143000	egentlig depression	1	Major depressive disorder (disorder)	ALWAYS F32.2
F32.2	42810003	egentlig depression i remission	1	Major depression in remission (disorder)	ALWAYS F32.2
F32.2	76441001	svår egentlig depression, enstaka episod utan psykotiska symtom	1	Severe major depression, single episode, without psychotic features (disorder)	ALWAYS F32.2
F32.2	10811121000119102	egentlig depression hos moder som komplicerar förlossning	2	Major depressive disorder in mother complicating childbirth (disorder)	ALWAYS F32.2
F32.2	450714000	svår egentlig depression	1	Severe major depression (disorder)	ALWAYS F32.2
F32.2	63778009	egentlig depression, enstaka episod med melankoliska symtom	1	Major depressive disorder, single episode with melancholic features (disorder)	ALWAYS F32.2
F32.2	720453001	måttligt svår egentlig depression, enstaka episod	1	Moderately severe major depression single episode (disorder)	ALWAYS F32.2
F32.2	14183003	kronisk egentlig depression, enstaka episod	1	Chronic major depressive disorder, single episode (disorder)	ALWAYS F32.2
F32.2	83458005	agiterad depression	1	Agitated depression (disorder)	ALWAYS F32.2
F32.2	63412003	egentlig depression i fullständig remission	1	Major depression in full remission (disorder)	ALWAYS F32.2
F32.2	310497006	svår depression	1	Severe depression (disorder)	ALWAYS F32.2
F32.2	832007	medelsvår egentlig depression	1	Moderate major depression (disorder)	ALWAYS F32.2
F32.2	720454007	minimal egentlig depression, enstaka episod	1	Minimal major depression single episode (disorder)	ALWAYS F32.2
F32.2	10811161000119107	egentlig depression hos moder som komplicerar graviditet	2	Major depressive disorder in mother complicating pregnancy (disorder)	ALWAYS F32.2
F32.2	69392006	egentlig depression, enstaka episod med katatona symtom	1	Major depressive disorder, single episode with catatonic features (disorder)	ALWAYS F32.2
F32.2	16266991000119108	svår egentlig depression samtidig med enstaka ångestepisod	1	Severe major depressive disorder co-occurrent with anxiety single episode (disorder)	ALWAYS F32.2
F32.2	19527009	egentlig depression, enstaka episod i fullständig remission	1	Single episode of major depression in full remission (disorder)	ALWAYS F32.2
F32.2	719593009	måttligt svår depression	1	Moderately severe depression (disorder)	ALWAYS F32.2
F32.2	720455008	minimal egentlig depression	1	Minimal major depression (disorder)	ALWAYS F32.2
F32.2	320751009	egentlig depression, melankolisk typ	1	Major depression, melancholic type (disorder)	ALWAYS F32.2
F32.2	70747007	egentlig depression, enstaka episod i partiell remission	1	Major depression single episode, in partial remission (disorder)	ALWAYS F32.2
F32.2	87512008	lindrig egentlig depression	1	Mild major depression (disorder)	ALWAYS F32.2
F32.2	251000119105	svår egentlig depression, enstaka episod	1	Severe major depression, single episode (disorder)	ALWAYS F32.2
F32.2	75084000	svår egentlig depression utan psykotiska symtom	1	Severe major depression without psychotic features (disorder)	ALWAYS F32.2
F32.2	719592004	måttligt svår egentlig depression	1	Moderately severe major depression (disorder)	ALWAYS F32.2
F20.8	416340002	sent debuterande schizofreni	1	Late onset schizophrenia (disorder)	ALWAYS F20.8
F20.8	88975006	schizofreniform störning	1	Schizophreniform disorder (disorder)	ALWAYS F20.8
F20.8	36158005	schizofreniform störning med goda prognostiska tecken	1	Schizophreniform disorder with good prognostic features (disorder)	ALWAYS F20.8
F20.8	191577003	cenestopatisk schizofreni	1	Cenesthopathic schizophrenia (disorder)	ALWAYS F20.8
F20.8	55736003	schizofreniform störning utan goda prognostiska tecken	1	Schizophreniform disorder without good prognostic features (disorder)	ALWAYS F20.8
F20.8	4926007	schizofreni i remission	1	Schizophrenia in remission (disorder)	ALWAYS F20.8
F20.8	191531007	akut exacerbation av kronisk schizofreni	1	Acute exacerbation of chronic schizophrenia (disorder)	ALWAYS F20.8
F01.3	230287006	blandad kortikal och subkortikal vaskulär demens	1	Mixed cortical and subcortical vascular dementia (disorder)	ALWAYS F01.3
F20.6	191527001	schizofreni, simplexform	1	Simple schizophrenia (disorder)	ALWAYS F20.6
F01.0	230285003	vaskulär demens med akut debut	1	Vascular dementia of acute onset (disorder)	ALWAYS F01.0
F33.8	2618002	kronisk recidiverande egentlig depression	1	Chronic recurrent major depressive disorder (disorder)	ALWAYS F33.8
F33.8	40568001	recidiverande kortvarig depression	1	Recurrent brief depressive disorder (disorder)	ALWAYS F33.8
F31.1	767635003	bipolär sjukdom typ 1, senaste episod mani	1	Bipolar I disorder, most recent episode manic (disorder)	ALWAYS F31.1
F31.1	82998009	medelsvår manisk bipolär sjukdom typ 1	1	Moderate manic bipolar I disorder (disorder)	ALWAYS F31.1
F31.1	191618007	bipolär affektiv sjukdom, nuvarande episod mani	1	Bipolar affective disorder, current episode manic (disorder)	ALWAYS F31.1
F31.1	191620005	lindrig bipolär affektiv sjukdom, för närvarande manisk	1	Bipolar affective disorder, currently manic, mild (disorder)	ALWAYS F31.1
F31.1	55516002	bipolär sjukdom typ 1, senaste episod mani med postpartumdebut	1	Bipolar I disorder, most recent episode manic with postpartum onset (disorder)	ALWAYS F31.1
F31.1	191621009	medelsvår bipolär affektiv sjukdom, för närvarande manisk	1	Bipolar affective disorder, currently manic, moderate (disorder)	ALWAYS F31.1
F31.1	767632000	bipolär sjukdom, senaste episod mani	1	Bipolar disorder, most recent episode manic (disorder)	ALWAYS F31.1
F31.1	23741000119105	svår manisk bipolär sjukdom typ 1	1	Severe manic bipolar I disorder (disorder)	ALWAYS F31.1
F31.1	17782008	bipolär sjukdom typ 1, senaste episod mani med katatona symtom	1	Bipolar I disorder, most recent episode manic with catatonic features (disorder)	ALWAYS F31.1
F31.1	71984005	lindrig manisk bipolär sjukdom typ 1	1	Mild manic bipolar I disorder (disorder)	ALWAYS F31.1
F31.1	162004	svår manisk bipolär sjukdom typ 1 utan psykotiska symtom	1	Severe manic bipolar I disorder without psychotic features (disorder)	ALWAYS F31.1
F31.1	9340000	bipolär sjukdom typ 1, enstaka manisk episod	1	Bipolar I disorder, single manic episode (disorder)	ALWAYS F31.1
F31.1	1499003	bipolär sjukdom typ 1, enstaka manisk episod med postpartumdebut	2	Bipolar I disorder, single manic episode with postpartum onset (disorder)	ALWAYS F31.1
F31.1	68569003	manisk bipolär sjukdom typ 1	1	Manic bipolar I disorder (disorder)	ALWAYS F31.1
F31.1	78269000	bipolär sjukdom typ 1, enstaka manisk episod i partiell remission	1	Bipolar I disorder, single manic episode, in partial remission (disorder)	ALWAYS F31.1
F31.1	87950005	bipolär sjukdom typ 1, enstaka manisk episod med katatona symtom	1	Bipolar I disorder, single manic episode with catatonic features (disorder)	ALWAYS F31.1
F14.3	80868005	kokainabstinens	1	Cocaine withdrawal (disorder)	ALWAYS F14.3
F00.9	1581000119101	demens av Alzheimertyp med beteendestörning	2	Dementia of the Alzheimer type with behavioral disturbance (disorder)	ALWAYS F00.9 | THIS CODE MAY BE USED IN THE PRIMARY POSITION WHEN THE MANIFESTATION IS THE PRIMARY FOCUS OF CARE
F42.1	285255005	tvång att agera på farliga tankar	1	Compulsion to act on dangerous thoughts (finding)	ALWAYS F42.1
F42.1	247968005	tvångsmässig hamstring	1	Compulsive hoarding (finding)	ALWAYS F42.1
F42.1	247970001	städtvång	1	Compulsive tidying (finding)	ALWAYS F42.1
F42.1	247965008	tvättvång	1	Compulsive washing (finding)	ALWAYS F42.1
F42.1	403591002	rituellt handtvättande	1	Ritual hand washing (finding)	ALWAYS F42.1
F42.1	416661002	tvångsmässig läkemedelsanvändning	1	Compulsive drug taking (finding)	ALWAYS F42.1
F42.1	247971002	tvångsmässig arrangering av föremål	1	Compulsive arrangement of objects (finding)	ALWAYS F42.1
F42.1	284525009	beröringstvång	1	Compulsive touching (finding)	ALWAYS F42.1
F42.1	247964007	upprepningstvång	1	Compulsive repeating (finding)	ALWAYS F42.1
F42.1	247972009	oförmåga att motstå tvångsbeteenden	1	Inability to resist compulsive behaviors (finding)	ALWAYS F42.1
F42.1	67431008	tvångsmässigt rituellt beteende	1	Compulsion expressed as ritual (finding)	ALWAYS F42.1
F42.1	247966009	tvångsmässigt handtvättande	1	Compulsive handwashing (finding)	ALWAYS F42.1
F42.1	231511005	tvångsmässigt vattendrickande	1	Compulsive water drinking (finding)	ALWAYS F42.1
F42.1	247969002	räknetvång	1	Compulsive counting (finding)	ALWAYS F42.1
F42.1	416993008	tvångsmässig okontrollerbar läkemedelsanvändning	1	Compulsive uncontrollable drug taking (finding)	ALWAYS F42.1
F42.1	191737008	kompulsiv neuros	1	Compulsive neurosis (disorder)	ALWAYS F42.1
F42.1	12479006	tvångsmässigt beteende	1	Compulsive behavior (finding)	ALWAYS F42.1
F42.1	247963001	kontrolltvång	1	Compulsive checking (finding)	ALWAYS F42.1
F42.1	247967000	rengöringstvång	1	Compulsive cleaning (finding)	ALWAYS F42.1
F12.5	26714005	kannabisutlöst psykotiskt syndrom med hallucinationer	1	Cannabis-induced psychotic disorder with hallucinations (disorder)	ALWAYS F12.5
F12.5	723936000	psykotiskt syndrom orsakat av kannabis	1	Psychotic disorder caused by cannabis (disorder)	ALWAYS F12.5
F12.5	737340007	psykotiskt syndrom orsakat av syntetisk kannabinoid	1	Psychotic disorder caused by synthetic cannabinoid (disorder)	ALWAYS F12.5
F12.5	63649001	kannabisutlöst vanföreställningssyndrom	1	Cannabis delusional disorder (disorder)	ALWAYS F12.5
F20.5	70814008	subkronisk residualschizofreni med akuta exacerbationer	1	Subchronic residual schizophrenia with acute exacerbations (disorder)	ALWAYS F20.5
F20.5	51133006	residualschizofreni i remission	1	Residual schizophrenia in remission (disorder)	ALWAYS F20.5
F20.5	29599000	kronisk odifferentierad schizofreni	1	Chronic undifferentiated schizophrenia (disorder)	ALWAYS F20.5
F20.5	26025008	residualschizofreni	1	Residual schizophrenia (disorder)	ALWAYS F20.5
F20.5	76566000	subkronisk residualschizofreni	1	Subchronic residual schizophrenia (disorder)	ALWAYS F20.5
F20.5	71103003	kronisk residualschizofreni	1	Chronic residual schizophrenia (disorder)	ALWAYS F20.5
F20.5	30336007	kronisk residualschizofreni med akuta exacerbationer	1	Chronic residual schizophrenia with acute exacerbations (disorder)	ALWAYS F20.5
F20.5	79204003	kronisk odifferentierad schizofreni med akuta exacerbationer	1	Chronic undifferentiated schizophrenia with acute exacerbations (disorder)	ALWAYS F20.5
F20.5	111482003	subkronisk schizofreni med akuta exacerbationer	1	Subchronic schizophrenia with acute exacerbations (disorder)	ALWAYS F20.5
F31.9	13746004	bipolär sjukdom	1	Bipolar disorder (disorder)	ALWAYS F31.9
F31.9	723903001	bipolär sjukdom typ 1, för närvarande i fullständig remission	1	Bipolar type I disorder currently in full remission (disorder)	ALWAYS F31.9
F31.9	49468007	depressiv bipolär sjukdom typ 1	1	Depressed bipolar I disorder (disorder)	ALWAYS F31.9
F31.9	75752004	bipolär sjukdom typ 1, senaste episod depression med melankoliska symtom	1	Bipolar I disorder, most recent episode depressed with melancholic features (disorder)	ALWAYS F31.9
F31.9	371600003	svår bipolär sjukdom	1	Severe bipolar disorder (disorder)	ALWAYS F31.9
F31.9	16238741000119105	bipolär sjukdom orsakad av drog eller läkemedel	1	Bipolar disorder caused by drug (disorder)	ALWAYS F31.9 | POSSIBLE REQUIREMENT FOR AN EXTERNAL CAUSE CODE
F31.9	133091000119105	bipolär sjukdom typ 1 i snabba cykler	1	Rapid cycling bipolar I disorder (disorder)	ALWAYS F31.9
F31.9	371599001	svår bipolär sjukdom typ 1	1	Severe bipolar I disorder (disorder)	ALWAYS F31.9
F31.9	767636002	bipolär sjukdom typ 1, senaste episod depression	1	Bipolar I disorder, most recent episode depression (disorder)	ALWAYS F31.9
F31.9	4441000	svår bipolär sjukdom med psykotiska symtom	1	Severe bipolar disorder with psychotic features (disorder)	ALWAYS F31.9
F31.9	79584002	medelsvår bipolär sjukdom	1	Moderate bipolar disorder (disorder)	ALWAYS F31.9
F31.9	26530004	svår bipolär sjukdom med stämningsinkongruenta psykotiska symtom	1	Severe bipolar disorder with psychotic features, mood-incongruent (disorder)	ALWAYS F31.9
F31.9	371596008	bipolär sjukdom typ 1	1	Bipolar I disorder (disorder)	ALWAYS F31.9
F31.9	51637008	kronisk bipolär sjukdom typ 1, senaste episod depression	1	Chronic bipolar I disorder, most recent episode depressed (disorder)	ALWAYS F31.9
F31.9	13313007	lindrig bipolär sjukdom	1	Mild bipolar disorder (disorder)	ALWAYS F31.9
F31.9	767631007	bipolär sjukdom, senaste episod depression	1	Bipolar disorder, most recent episode depression (disorder)	ALWAYS F31.9
F43.0	7031000119100	psykogen fugue samtidig med och orsakad av stressreaktion	1	Psychogenic fugue co-occurrent and due to stress reaction (disorder)	ALWAYS F43.0
F43.0	192044009	stressreaktion som ger upphov till både emotionell störning och stört beteende	1	Stress reaction causing mixed disturbance of emotion and conduct (disorder)	ALWAYS F43.0
F43.0	192038005	akut fuguetillstånd orsakat av en akut stressreaktion	1	Acute fugue state due to acute stress reaction (disorder)	ALWAYS F43.0
F43.0	67195008	akut stressyndrom	1	Acute stress disorder (disorder)	ALWAYS F43.0
F43.0	192039002	akut stuportillstånd orsakat av en akut stressreaktion	1	Acute stupor state due to acute stress reaction (disorder)	ALWAYS F43.0
F43.0	61157009	stridsutmattning	1	Combat fatigue (disorder)	ALWAYS F43.0
F43.0	192041001	akut situationsbetingad störning	1	Acute situational disturbance (disorder)	ALWAYS F43.0
F43.0	10361001	utmattningsdelirium	1	Exhaustion delirium (finding)	ALWAYS F43.0
F43.0	192037000	akut paniktillstånd orsakat av en akut stressreaktion	1	Acute panic state due to acute stress reaction (disorder)	ALWAYS F43.0
F43.0	279611005	granatchock	1	Shell shock (disorder)	ALWAYS F43.0
F03	733185001	demens efter skada orsakad av exponering för joniserande strålning	1	Dementia following injury caused by exposure to ionizing radiation (disorder)	ALWAYS F03
F03	698949001	demens i remission	1	Dementia in remission (disorder)	ALWAYS F03
F03	722293005	autosomalt dominant syndrom med cerebellär ataxi, dövhet och narkolepsi	4	Autosomal dominant cerebellar ataxia, deafness and narcolepsy syndrome (disorder)	ALWAYS F03
F03	713844000	demens samtidigt med HIV-infektion	1	Dementia co-occurrent with human immunodeficiency virus infection (disorder)	ALWAYS F03 | POSSIBLE REQUIREMENT FOR ADDITIONAL CODE TO FULLY DESCRIBE DISEASE OR CONDITION
F03	789011007	Psychological symptom due to dementia	1	Psychological symptom due to dementia (finding)	ALWAYS F03 | POSSIBLE REQUIREMENT FOR ADDITIONAL CODE TO FULLY DESCRIBE DISEASE OR CONDITION
F03	230288001	semantisk demens	1	Semantic dementia (disorder)	ALWAYS F03
F03	733184002	demens orsakad av exponering för tungmetall	1	Dementia caused by heavy metal exposure (disorder)	ALWAYS F03
F03	191458003	senil demens med paranoia	1	Senile dementia with paranoia (disorder)	ALWAYS F03
F03	191459006	senil demens med depression	1	Senile dementia with depression (disorder)	ALWAYS F03
F03	733192006	demens orsakad av encefalit med herpesviridae	1	Dementia due to herpes encephalitis (disorder)	ALWAYS F03
F03	191454001	presenil demens med paranoia	1	Presenile dementia with paranoia (disorder)	ALWAYS F03 | POSSIBLE REQUIREMENT FOR ADDITIONAL CODE TO FULLY DESCRIBE DISEASE OR CONDITION
F03	762351006	demens orsakad av och efter huvudskada	1	Dementia due to and following injury of head (disorder)	ALWAYS F03
F03	723390000	snabbt progredierande demens	1	Rapidly progressive dementia (disorder)	ALWAYS F03 | POSSIBLE REQUIREMENT FOR ADDITIONAL CODE TO FULLY DESCRIBE DISEASE OR CONDITION
F03	231438001	presbyofren psykos	1	Presbyophrenic psychosis (disorder)	ALWAYS F03 | POSSIBLE REQUIREMENT FOR ADDITIONAL CODE TO FULLY DESCRIBE DISEASE OR CONDITION
F03	762707000	subkortikal demens	1	Subcortical dementia (disorder)	ALWAYS F03
F03	371026009	senil demens med psykos	1	Senile dementia with psychosis (disorder)	ALWAYS F03
F03	1591000119103	demens med beteendestörning	1	Dementia with behavioral disturbance (disorder)	ALWAYS F03
F03	22381000119105	primär degenerativ demens	1	Primary degenerative dementia (disorder)	ALWAYS F03 | POSSIBLE REQUIREMENT FOR ADDITIONAL CODE TO FULLY DESCRIBE DISEASE OR CONDITION
F03	788862002	Agitation due to dementia	2	Agitation due to dementia (finding)	ALWAYS F03
F03	191451009	okomplicerad presenil demens	1	Uncomplicated presenile dementia (disorder)	ALWAYS F03
F03	31081000119101	presenil demens med vanföreställningar	1	Presenile dementia with delusions (disorder)	ALWAYS F03
F03	724992007	epilepsi samtidig med och orsakad av demens	2	Epilepsy co-occurrent and due to dementia (disorder)	ALWAYS F03 | POSSIBLE REQUIREMENT FOR ADDITIONAL CODE TO FULLY DESCRIBE DISEASE OR CONDITION
F03	191457008	senil demens med depressiva eller paranoida symtom	1	Senile dementia with depressive or paranoid features (disorder)	ALWAYS F03
F03	789170003	Disinhibited behavior due to dementia	1	Disinhibited behavior due to dementia (disorder)	ALWAYS F03
F03	15662003	senil demens	1	Senile dementia (disorder)	ALWAYS F03
F03	191455000	presenil demens med depression	1	Presenile dementia with depression (disorder)	ALWAYS F03 | POSSIBLE REQUIREMENT FOR ADDITIONAL CODE TO FULLY DESCRIBE DISEASE OR CONDITION
F03	12348006	presenil demens	1	Presenile dementia (disorder)	ALWAYS F03
F03	2421000119107	hallucinationer samtidiga med och orsakade av sent debuterande demens	1	Hallucinations co-occurrent and due to late onset dementia (disorder)	ALWAYS F03
F03	371024007	senil demens med vanföreställningar	1	Senile dementia with delusion (disorder)	ALWAYS F03 | POSSIBLE REQUIREMENT FOR ADDITIONAL CODE TO FULLY DESCRIBE DISEASE OR CONDITION
F03	788861009	Aggression due to dementia	2	Aggression due to dementia (finding)	ALWAYS F03
F03	788866004	Anxiety due to dementia	2	Anxiety due to dementia (finding)	ALWAYS F03
F03	230289009	demens med fläckvisa förändringar	1	Patchy dementia (disorder)	ALWAYS F03 | POSSIBLE REQUIREMENT FOR ADDITIONAL CODE TO FULLY DESCRIBE DISEASE OR CONDITION
F03	713488003	presenil demens samtidigt med HIV-infektion	1	Presenile dementia co-occurrent with human immunodeficiency virus infection (disorder)	ALWAYS F03 | MAPPED FOLLOWING WHO GUIDANCE
F03	230270009	frontotemporal demens	1	Frontotemporal dementia (disorder)	ALWAYS F03
F03	788867008	Apathetic behavior due to dementia	2	Apathetic behavior due to dementia (finding)	ALWAYS F03
F03	191449005	okomplicerad senil demens	1	Uncomplicated senile dementia (disorder)	ALWAYS F03 | POSSIBLE REQUIREMENT FOR ADDITIONAL CODE TO FULLY DESCRIBE DISEASE OR CONDITION
F03	789062005	Wandering due to dementia	2	Wandering due to dementia (finding)	ALWAYS F03
F03	52448006	demens	1	Dementia (disorder)	ALWAYS F03
F19.7	111480006	organisk demens utlöst av psykoaktiv substans	1	Psychoactive substance-induced organic dementia (disorder)	ALWAYS F19.7
F19.7	191493005	läkemedelsutlöst demens	1	Drug-induced dementia (disorder)	ALWAYS F19.7
F18.3	724701001	abstinens efter flyktigt inhalationsmedel	1	Volatile inhalant withdrawal (disorder)	ALWAYS F18.3
F30.1	14495005	svår bipolär sjukdom typ 1, enstaka manisk episod utan psykotiska symtom	1	Severe bipolar I disorder, single manic episode without psychotic features (disorder)	ALWAYS F30.1
F30.1	28884001	medelsvår bipolär sjukdom typ 1, enstaka manisk episod	1	Moderate bipolar I disorder, single manic episode (disorder)	ALWAYS F30.1
F18.5	75122001	lösningsmedelsutlöst psykotiskt syndrom med vanföreställningar	1	Inhalant-induced psychotic disorder with delusions (disorder)	ALWAYS F18.5
F18.5	288461000119105	psykos orsakad av inhalationsmedel	1	Psychosis caused by inhalant (disorder)	ALWAYS F18.5
F18.5	63983005	lösningsmedelsutlöst psykotiskt syndrom med hallucinationer	1	Inhalant-induced psychotic disorder with hallucinations (disorder)	ALWAYS F18.5
F18.5	724702008	psykotiskt syndrom orsakat av flyktigt inhalationsmedel	1	Psychotic disorder caused by volatile inhalant (disorder)	ALWAYS F18.5
F10.7	191475009	kroniskt hjärnsyndrom utlöst av alkohol	1	Chronic alcoholic brain syndrome (disorder)	ALWAYS F10.7
F10.7	281004	demens i samband med alkoholism	1	Dementia associated with alcoholism (disorder)	ALWAYS F10.7
F33.3	15193003	svår recidiverande egentlig depression med stämningsinkongruenta psykotiska symtom	1	Severe recurrent major depression with psychotic features, mood-incongruent (disorder)	ALWAYS F33.3
F33.3	191613003	svåra recidiverande egentliga depressiva episoder med psykos	1	Recurrent major depressive episodes, severe, with psychosis (disorder)	ALWAYS F33.3
F33.3	33078009	svår recidiverande egentlig depression med stämningskongruenta psykotiska symtom	1	Severe recurrent major depression with psychotic features, mood-congruent (disorder)	ALWAYS F33.3
F33.3	28475009	svår recidiverande egentlig depression med psykotiska symtom	1	Severe recurrent major depression with psychotic features (disorder)	ALWAYS F33.3
F43.1	443919007	komplext posttraumatiskt stressyndrom	1	Complex posttraumatic stress disorder (disorder)	ALWAYS F43.1
F43.1	192042008	akut posttraumatiskt stresstillstånd	1	Acute post-trauma stress state (disorder)	ALWAYS F43.1
F43.1	446175003	akut posttraumatiskt stressyndrom efter militär strid	1	Acute posttraumatic stress disorder following military combat (disorder)	ALWAYS F43.1
F43.1	47505003	posttraumatiskt stressyndrom	1	Posttraumatic stress disorder (disorder)	ALWAYS F43.1
F43.1	428687006	mardrömmar associerade med kroniskt posttraumatiskt stresstillstånd	1	Nightmares associated with chronic post-traumatic stress disorder (disorder)	ALWAYS F43.1
F43.1	23328008	syndrom efter våldtäktstrauma: sammansatt reaktion	1	Rape trauma syndrome: compound reaction (finding)	ALWAYS F43.1
F43.1	318784009	posttraumatiskt stresstillstånd med fördröjd debut	1	Posttraumatic stress disorder, delayed onset (disorder)	ALWAYS F43.1
F43.1	699241002	kroniskt posttraumatiskt stresstillstånd efter militär strid	1	Chronic post-traumatic stress disorder following military combat (disorder)	ALWAYS F43.1
F43.1	39093002	posttraumatisk reaktion	1	Post-trauma response (finding)	ALWAYS F43.1
F43.1	446180007	fördröjt posttraumatiskt stressyndrom efter militär strid	1	Delayed posttraumatic stress disorder following military combat (disorder)	ALWAYS F43.1
F43.1	317816007	Stockholmssyndrom	1	Stockholm syndrome (disorder)	ALWAYS F43.1
F43.1	313182004	kroniskt posttraumatiskt stresstillstånd	1	Chronic post-traumatic stress disorder (disorder)	ALWAYS F43.1
F25.9	68890003	schizoaffektivt syndrom	1	Schizoaffective disorder (disorder)	ALWAYS F25.9
F25.9	191567000	schizoaffektiv schizofreni	1	Schizoaffective schizophrenia (disorder)	ALWAYS F25.9
F25.9	191572009	akut exacerbation av kronisk schizoaffektiv schizofreni	1	Acute exacerbation of chronic schizoaffective schizophrenia (disorder)	ALWAYS F25.9
F25.9	191571002	akut exacerbation av subkronisk schizoaffektiv schizofreni	1	Acute exacerbation of subchronic schizoaffective schizophrenia (disorder)	ALWAYS F25.9
F25.9	191574005	schizoaffektiv schizofreni i remission	1	Schizoaffective schizophrenia in remission (disorder)	ALWAYS F25.9
F25.9	191569002	subkronisk schizoaffektiv schizofreni	1	Subchronic schizoaffective schizophrenia (disorder)	ALWAYS F25.9
F25.9	191570001	kronisk schizoaffektiv schizofreni	1	Chronic schizoaffective schizophrenia (disorder)	ALWAYS F25.9
F20.0	191554003	akut exacerbation av subkronisk paranoid schizofreni	1	Acute exacerbation of subchronic paranoid schizophrenia (disorder)	ALWAYS F20.0
F20.0	191555002	akut exacerbation av kronisk paraniod schizofreni	1	Acute exacerbation of chronic paranoid schizophrenia (disorder)	ALWAYS F20.0
F20.0	63181006	paranoid schizofreni i remission	1	Paranoid schizophrenia in remission (disorder)	ALWAYS F20.0
F20.0	31658008	kronisk paranoid schizofreni	1	Chronic paranoid schizophrenia (disorder)	ALWAYS F20.0
F20.0	64905009	paranoid schizofreni	1	Paranoid schizophrenia (disorder)	ALWAYS F20.0
F20.0	79866005	subkronisk paranoid schizofreni	1	Subchronic paranoid schizophrenia (disorder)	ALWAYS F20.0
F02.8	722978000	demens orsakad av toxin	2	Dementia caused by toxin (disorder)	ALWAYS F02.8 | THIS CODE MAY BE USED IN THE PRIMARY POSITION WHEN THE MANIFESTATION IS THE PRIMARY FOCUS OF CARE
F02.8	80098002	diffus Lewykroppssjukdom	2	Diffuse Lewy body disease (disorder)	ALWAYS F02.8 | THIS CODE MAY BE USED IN THE PRIMARY POSITION WHEN THE MANIFESTATION IS THE PRIMARY FOCUS OF CARE
F02.8	698725008	demens i samband med neurosyfilis	2	Dementia associated with neurosyphilis (disorder)	ALWAYS F02.8 | THIS CODE MAY BE USED IN THE PRIMARY POSITION WHEN THE MANIFESTATION IS THE PRIMARY FOCUS OF CARE
F02.8	82381000119103	epileptisk demens med beteendestörning	2	Epileptic dementia with behavioral disturbance (disorder)	ALWAYS F02.8 | THIS CODE MAY BE USED IN THE PRIMARY POSITION WHEN THE MANIFESTATION IS THE PRIMARY FOCUS OF CARE
F02.8	722980006	demens orsakad av kromosomrubbning	2	Dementia due to chromosomal anomaly (disorder)	ALWAYS F02.8 | THIS CODE MAY BE USED IN THE PRIMARY POSITION WHEN THE MANIFESTATION IS THE PRIMARY FOCUS OF CARE
F02.8	722979008	demens orsakad av störd metabolism	2	Dementia due to metabolic abnormality (disorder)	ALWAYS F02.8 | THIS CODE MAY BE USED IN THE PRIMARY POSITION WHEN THE MANIFESTATION IS THE PRIMARY FOCUS OF CARE
F02.8	724776007	demens orsakad av sjukdom i centrala nervsystemet	2	Dementia due to disorder of central nervous system (disorder)	ALWAYS F02.8 | THIS CODE MAY BE USED IN THE PRIMARY POSITION WHEN THE MANIFESTATION IS THE PRIMARY FOCUS OF CARE
F02.8	698726009	demens i samband med virusencefalit	2	Dementia associated with viral encephalitis (disorder)	ALWAYS F02.8 | THIS CODE MAY BE USED IN THE PRIMARY POSITION WHEN THE MANIFESTATION IS THE PRIMARY FOCUS OF CARE
F02.8	698626001	demens i samband med multipel skleros	2	Dementia associated with multiple sclerosis (disorder)	ALWAYS F02.8 | THIS CODE MAY BE USED IN THE PRIMARY POSITION WHEN THE MANIFESTATION IS THE PRIMARY FOCUS OF CARE
F02.8	312991009	senil demens av Lewykroppstyp	2	Senile dementia of the Lewy body type (disorder)	ALWAYS F02.8 | THIS CODE MAY BE USED IN THE PRIMARY POSITION WHEN THE MANIFESTATION IS THE PRIMARY FOCUS OF CARE
F02.8	733190003	demens orsakad av primär malign hjärntumör	2	Dementia due to primary malignant neoplasm of brain (disorder)	ALWAYS F02.8 | THIS CODE MAY BE USED IN THE PRIMARY POSITION WHEN THE MANIFESTATION IS THE PRIMARY FOCUS OF CARE
F02.8	698781002	demens i samband med cerebral anoxi	2	Dementia associated with cerebral anoxia (disorder)	ALWAYS F02.8 | THIS CODE MAY BE USED IN THE PRIMARY POSITION WHEN THE MANIFESTATION IS THE PRIMARY FOCUS OF CARE
F02.8	82371000119101	demens orsakad av multipel skleros, med beteendeförändring	2	Dementia due to multiple sclerosis with altered behavior (disorder)	ALWAYS F02.8 | THIS CODE MAY BE USED IN THE PRIMARY POSITION WHEN THE MANIFESTATION IS THE PRIMARY FOCUS OF CARE
F02.8	42769004	diffus Lewykroppssjukdom med spongiform kortikal förändring	2	Diffuse Lewy body disease with spongiform cortical change (disorder)	ALWAYS F02.8 | THIS CODE MAY BE USED IN THE PRIMARY POSITION WHEN THE MANIFESTATION IS THE PRIMARY FOCUS OF CARE
F02.8	733191004	demens orsakad av kroniskt subduralhematom	2	Dementia due to chronic subdural hematoma (disorder)	ALWAYS F02.8 | THIS CODE MAY BE USED IN THE PRIMARY POSITION WHEN THE MANIFESTATION IS THE PRIMARY FOCUS OF CARE
F02.8	788899002	Dementia due to pellagra	2	Dementia due to pellagra (disorder)	ALWAYS F02.8 | THIS CODE MAY BE USED IN THE PRIMARY POSITION WHEN THE MANIFESTATION IS THE PRIMARY FOCUS OF CARE
F02.8	722977005	demens samtidig med och orsakad av neurocysticerkos	2	Dementia co-occurrent and due to neurocysticercosis (disorder)	ALWAYS F02.8 | THIS CODE MAY BE USED IN THE PRIMARY POSITION WHEN THE MANIFESTATION IS THE PRIMARY FOCUS OF CARE
F02.8	130121000119104	demens orsakad av Retts syndrom	2	Dementia due to Rett's syndrome (disorder)	ALWAYS F02.8 | THIS CODE MAY BE USED IN THE PRIMARY POSITION WHEN THE MANIFESTATION IS THE PRIMARY FOCUS OF CARE
F02.8	762350007	demens orsakad av prionsjukdom	2	Dementia due to prion disease (disorder)	ALWAYS F02.8 | THIS CODE MAY BE USED IN THE PRIMARY POSITION WHEN THE MANIFESTATION IS THE PRIMARY FOCUS OF CARE
F02.8	733194007	demens med Downs syndrom	2	Dementia co-occurrent and due to Down syndrome (disorder)	ALWAYS F02.8 | THIS CODE MAY BE USED IN THE PRIMARY POSITION WHEN THE MANIFESTATION IS THE PRIMARY FOCUS OF CARE
F02.8	82959004	dementia paralytica juvenilis	2	Dementia paralytica juvenilis (disorder)	ALWAYS F02.8 | THIS CODE MAY BE USED IN THE PRIMARY POSITION WHEN THE MANIFESTATION IS THE PRIMARY FOCUS OF CARE
F02.8	698625002	demens i samband med normaltryckshydrocefalus	2	Dementia associated with normal pressure hydrocephalus (disorder)	ALWAYS F02.8 | THIS CODE MAY BE USED IN THE PRIMARY POSITION WHEN THE MANIFESTATION IS THE PRIMARY FOCUS OF CARE
F02.8	698624003	demens i samband med cerebral lipidos	2	Dementia associated with cerebral lipidosis (disorder)	ALWAYS F02.8 | THIS CODE MAY BE USED IN THE PRIMARY POSITION WHEN THE MANIFESTATION IS THE PRIMARY FOCUS OF CARE
F02.8	135811000119107	senil demens av Lewykroppstyp med beteendestörningar	2	Lewy body dementia with behavioral disturbance (disorder)	ALWAYS F02.8 | THIS CODE MAY BE USED IN THE PRIMARY POSITION WHEN THE MANIFESTATION IS THE PRIMARY FOCUS OF CARE
F02.8	230258005	amyotrofisk lateralskleros med demens	2	Amyotrophic lateral sclerosis with dementia (disorder)	ALWAYS F02.8 | THIS CODE MAY BE USED IN THE PRIMARY POSITION WHEN THE MANIFESTATION IS THE PRIMARY FOCUS OF CARE
F02.8	724777003	demens orsakad av infektionssjukdom	2	Dementia due to infectious disease (disorder)	ALWAYS F02.8 | THIS CODE MAY BE USED IN THE PRIMARY POSITION WHEN THE MANIFESTATION IS THE PRIMARY FOCUS OF CARE
F02.8	733193001	demens med progressiv multifokal leukoencefalopati	2	Dementia co-occurrent and due to progressive multifocal leukoencephalopathy (disorder)	ALWAYS F02.8 | THIS CODE MAY BE USED IN THE PRIMARY POSITION WHEN THE MANIFESTATION IS THE PRIMARY FOCUS OF CARE
F11.5	724655005	psykotiskt syndrom orsakat av opioid	1	Psychotic disorder caused by opioid (disorder)	ALWAYS F11.5
F11.5	20385005	opioidutlöst psykotiskt syndrom med vanföreställningar	1	Opioid-induced psychotic disorder with delusions (disorder)	ALWAYS F11.5
F11.5	19445006	opioidutlöst psykotiskt syndrom med hallucinationer	1	Opioid-induced psychotic disorder with hallucinations (disorder)	ALWAYS F11.5
F31.5	26203008	svår depressiv bipolär sjukdom typ 1 med stämningsinkongruenta psykotiska symtom	1	Severe depressed bipolar I disorder with psychotic features, mood-incongruent (disorder)	ALWAYS F31.5
F31.5	54761006	svår depressiv bipolär sjukdom typ 1 med stämningskongruenta psykotiska symtom	1	Severe depressed bipolar I disorder with psychotic features, mood-congruent (disorder)	ALWAYS F31.5
F31.5	765176007	psykos och svår depression samtidiga med och orsakade av bipolär affektiv sjukdom	1	Psychosis and severe depression co-occurrent and due to bipolar affective disorder (disorder)	ALWAYS F31.5
F31.5	59617007	svår depressiv bipolär sjukdom typ 1 med psykotiska symtom	1	Severe depressed bipolar I disorder with psychotic features (disorder)	ALWAYS F31.5
F32.8	321717001	involutionsdepression	1	Involutional depression (disorder)	ALWAYS F32.8
F32.8	192079006	postviral depression	1	Postviral depression (disorder)	ALWAYS F32.8
F32.8	413296003	depression som kräver intervention	1	Depression requiring intervention (finding)	ALWAYS F32.8
F32.8	718636001	minimal depression	1	Minimal depression (disorder)	ALWAYS F32.8
F32.8	231500002	maskerad depression	1	Masked depression (disorder)	ALWAYS F32.8
F32.8	84788008	menopausal depression	1	Menopausal depression (disorder)	ALWAYS F32.8
F32.8	42925002	egentlig depression, enstaka episod med atypiska symtom	1	Major depressive disorder, single episode with atypical features (disorder)	ALWAYS F32.8
F32.8	191659001	atypisk depression	1	Atypical depressive disorder (disorder)	ALWAYS F32.8
F32.8	192080009	kronisk depression	1	Chronic depression (disorder)	ALWAYS F32.8
F32.8	79842004	stuporös depression	1	Stuporous depression (disorder)	ALWAYS F32.8
F60.3	65797007	labilt personlighetsdrag	1	Labile personality trait (finding)	ALWAYS F60.3
F60.3	88845000	organisk personlighetsstörning, explosiv typ	1	Explosive type organic personality disorder (disorder)	ALWAYS F60.3
F60.3	284510009	explosivt beteende	1	Explosive behavior (finding)	ALWAYS F60.3
F60.3	20010003	borderlinepersonlighetsstörning	1	Borderline personality disorder (disorder)	ALWAYS F60.3
F60.3	192097003	isolerad explosiv störning	1	Isolated explosive disorder (disorder)	ALWAYS F60.3
F60.3	698700004	borderlinepersonlighetsstörning i remission	1	Borderline personality disorder in remission (disorder)	ALWAYS F60.3
F60.3	231527003	explosiv personlighetsstörning	1	Explosive personality disorder (disorder)	ALWAYS F60.3
F60.3	191765005	emotionellt instabil personlighetsstörning	1	Emotionally unstable personality disorder (disorder)	ALWAYS F60.3
F01.1	106021000119105	multiinfarktdemens orsakad av ateroskleros	1	Multi-infarct dementia due to atherosclerosis (disorder)	ALWAYS F01.1
F01.1	70936005	multiinfarktdemens, okomplicerad	1	Multi-infarct dementia, uncomplicated (disorder)	ALWAYS F01.1
F01.1	56267009	multiinfarktdemens	1	Multi-infarct dementia (disorder)	ALWAYS F01.1
F01.1	25772007	multiinfarktdemens med vanföreställningar	1	Multi-infarct dementia with delusions (disorder)	ALWAYS F01.1
F01.1	10349009	multiinfarktdemens med delirium	1	Multi-infarct dementia with delirium (disorder)	ALWAYS F01.1
F01.1	703219008	cerebral autosomalt recessiv artärsjukdom med subkortikala infarkter och leukoencefalopati	1	Cerebral autosomal recessive arteriopathy with subcortical infarcts and leukoencephalopathy (disorder)	ALWAYS F01.1
F01.1	724779000	sjukdom i vit hjärnsubstans samtidig med och orsakad av cerebral autosomalt dominant artärsjukdom med subkortikala infarkter och leukoencefalopati	2	White matter disorder co-occurrent and due to cerebral autosomal dominant arteriopathy with subcortical infarcts and leukoencephalopathy (disorder)	ALWAYS F01.1
F01.1	230704000	multiinfarkttillstånd	1	Multi-infarct state (disorder)	ALWAYS F01.1
F01.1	14070001	multiinfarktdemens med depression	1	Multi-infarct dementia with depression (disorder)	ALWAYS F01.1
F15.5	762325009	psykotiskt syndrom orsakat av stimulerande medel	1	Psychotic disorder caused by stimulant (disorder)	ALWAYS F15.5
F15.5	15921731000119106	psykotisk störning orsakad av metamfetamin	1	Psychotic disorder caused by methamphetamine (disorder)	ALWAYS F15.5
F15.5	7761000119106	psykotisk störning orsakad av användning av amfetamin	1	Psychotic disorder caused by amphetamine use (disorder)	ALWAYS F15.5
F15.5	762327001	psykotiskt syndrom orsakat av stimulerande medel och med vanföreställningar	1	Psychotic disorder with delusions caused by stimulant (disorder)	ALWAYS F15.5
F15.5	762326005	psykotiskt syndrom orsakat av stimulerande medel och med hallucinationer	1	Psychotic disorder with hallucinations caused by stimulant (disorder)	ALWAYS F15.5
F15.5	32358001	amfetaminutlöst vanföreställningssyndrom	1	Amphetamine delusional disorder (disorder)	ALWAYS F15.5
F15.5	724706006	psykotiskt syndrom orsakat av metylendioximetamfetamin	1	Psychotic disorder caused by methylenedioxymethamphetamine (disorder)	ALWAYS F15.5
F13.5	724675001	psykotiskt syndrom orsakat av anxiolytika	1	Psychotic disorder caused by anxiolytic (disorder)	ALWAYS F13.5
F13.5	47664006	sedativa-, hypnotika- och/eller anxiolytikautlöst psykotiskt syndrom med hallucinationer	1	Sedative, hypnotic AND/OR anxiolytic-induced psychotic disorder with hallucinations (disorder)	ALWAYS F13.5
F13.5	724673008	psykotiskt syndrom orsakat av sedativ	1	Psychotic disorder caused by sedative (disorder)	ALWAYS F13.5
F13.5	724674002	psykotiskt syndrom orsakat av hypnotika	1	Psychotic disorder caused by hypnotic (disorder)	ALWAYS F13.5
F13.5	1973000	sedativa-, hypnotika- och/eller anxiolytikautlöst psykotiskt syndrom med vanföreställningar	1	Sedative, hypnotic AND/OR anxiolytic-induced psychotic disorder with delusions (disorder)	ALWAYS F13.5
F11.3	703846009	buprenorfinabstinens	1	Buprenorphine withdrawal (disorder)	ALWAYS F11.3
F11.3	703847000	abstinens efter behandling med buprenorfin + naloxon	1	Buprenorphine + naloxone withdrawal (disorder)	ALWAYS F11.3
F11.3	87132004	opioidabstinens	1	Opioid withdrawal (disorder)	ALWAYS F11.3
F71.1	702356009	PPM-X-syndrom	1	X-linked intellectual disability-psychosis-macroorchidism syndrome (disorder)	ALWAYS F71.1
F22.9	231487004	kroniskt vanföreställningssyndrom	1	Persistent delusional disorder (disorder)	ALWAYS F22.9
F19.4	16236701000119107	Delirium due to drug withdrawal	1	Delirium due to drug withdrawal (disorder)	ALWAYS F19.4
F31.2	191623007	svår bipolär affektiv sjukdom, för närvarande manisk med psykos	1	Bipolar affective disorder, currently manic, severe, with psychosis (disorder)	ALWAYS F31.2
F31.2	13581000	svår bipolär sjukdom typ 1, enstaka manisk episod med stämningskongruenta psykotiska symtom	1	Severe bipolar I disorder, single manic episode with psychotic features, mood-congruent (disorder)	ALWAYS F31.2
F31.2	28663008	svår manisk bipolär sjukdom typ 1 med psykotiska symtom	1	Severe manic bipolar I disorder with psychotic features (disorder)	ALWAYS F31.2
F31.2	78640000	svår manisk bipolär sjukdom typ 1 med stämningskongruenta psykotiska symtom	1	Severe manic bipolar I disorder with psychotic features, mood-congruent (disorder)	ALWAYS F31.2
F31.2	33380008	svår manisk bipolär sjukdom typ 1 med stämningsinkongruenta psykotiska symtom	1	Severe manic bipolar I disorder with psychotic features, mood-incongruent (disorder)	ALWAYS F31.2
F31.2	86058007	svår bipolär sjukdom typ 1, enstaka manisk episod med stämningsinkongruenta psykotiska symtom	1	Severe bipolar I disorder, single manic episode with psychotic features, mood-incongruent (disorder)	ALWAYS F31.2
F15.3	12398281000119105	Methamphetamine withdrawal	1	Methamphetamine withdrawal (disorder)	ALWAYS F15.3
F15.3	78358001	amfetaminabstinens	1	Amphetamine withdrawal (disorder)	ALWAYS F15.3
F15.3	428370001	abstinens efter psykostimulantia	1	Psychostimulant withdrawal (disorder)	ALWAYS F15.3
F23.3	268624000	akut paranoid reaktion	1	Acute paranoid reaction (disorder)	ALWAYS F23.3
F01.2	230286002	subkortikal vaskulär demens	1	Subcortical vascular dementia (disorder)	ALWAYS F01.2
F01.8	723123001	ischemisk vaskulär demens	1	Ischemic vascular dementia (disorder)	ALWAYS F01.8 | POSSIBLE REQUIREMENT FOR ADDITIONAL CODE TO FULLY DESCRIBE DISEASE OR CONDITION
F18.7	32875003	lösningsmedelsutlöst varaktig demens	1	Inhalant-induced persisting dementia (disorder)	ALWAYS F18.7
F18.7	788898005	Dementia caused by volatile inhalant	1	Dementia caused by volatile inhalant (disorder)	ALWAYS F18.7
F23.0	712824002	akut polymorf psykotisk störning utan schizofrenisymtom	1	Acute polymorphic psychotic disorder without symptoms of schizophrenia (disorder)	ALWAYS F23.0
F23.0	63204009	bouffée délirante	1	Bouffée délirante (disorder)	ALWAYS F23.0
F23.0	307417003	cykloid psykos	1	Cycloid psychosis (disorder)	ALWAYS F23.0
F23.9	5464005	kortvarig reaktiv psykos	1	Brief reactive psychosis (disorder)	ALWAYS F23.9
F23.9	274953007	akut polymorf psykotisk störning	1	Acute polymorphic psychotic disorder (disorder)	ALWAYS F23.9
F23.9	231489001	akut övergående psykotisk störning	1	Acute transient psychotic disorder (disorder)	ALWAYS F23.9
F23.9	231437006	reaktiva psykoser	1	Reactive psychoses (disorder)	ALWAYS F23.9
F23.9	231450007	psykos i samband med intensivvård	1	Psychosis associated with intensive care (disorder)	ALWAYS F23.9
F23.9	268617001	akut schizofren episod	1	Acute schizophrenic episode (disorder)	ALWAYS F23.9
F42.0	247883004	tvångsmässiga tvivel	1	Obsessional doubts (finding)	ALWAYS F42.0
F42.0	86110000	rumination, tankar	1	Rumination - thoughts (finding)	ALWAYS F42.0
F42.0	247878007	tvångstankar om att framkalla sjukdom hos andra	1	Obsessional thoughts of giving others illness (finding)	ALWAYS F42.0
F42.0	247884005	tvångstankar om otillräcklighet	1	Obsessional thoughts of incompletion (finding)	ALWAYS F42.0
F42.0	247882009	tvångstankar om bakterier	1	Obsessional thoughts of germs (finding)	ALWAYS F42.0
F42.0	276305003	upptagenhet med ödeläggelse	1	Preoccupation with ruin (finding)	ALWAYS F42.0
F42.0	271953006	tvångstankar om att skada sig själv	1	Obsessional thoughts of causing harm to self (finding)	ALWAYS F42.0
F42.0	247880001	tvångstankar om sjukdom	1	Obsessional thoughts of disease (finding)	ALWAYS F42.0
F42.0	247881002	tvångstankar om smuts	1	Obsessional thoughts of dirt (finding)	ALWAYS F42.0
F42.0	67698009	tvångsmässiga tankar	1	Obsessional thoughts (finding)	ALWAYS F42.0
F42.0	247873003	tvångstankar om att bli rånad	1	Obsessional thoughts of being robbed (finding)	ALWAYS F42.0
F42.0	247874009	tvångstankar om eld	1	Obsessional thoughts of fire (finding)	ALWAYS F42.0
F42.0	247885006	tvångstankar om att kasta bort saker	1	Obsessional thoughts of throwing things away (finding)	ALWAYS F42.0
F42.0	192014006	psykogent idisslande	1	Psychogenic rumination (disorder)	ALWAYS F42.0
F42.0	247877002	tvångstankar om förgiftning	1	Obsessional thoughts of poisoning (finding)	ALWAYS F42.0
F42.0	247875005	tvångstankar om explosioner	1	Obsessional thoughts of explosions (finding)	ALWAYS F42.0
F42.0	271559000	tvångstankar om att skada andra	1	Obsessional thoughts of causing harm to others (finding)	ALWAYS F42.0
F42.0	247876006	tvångstankar om att orsaka olyckor	1	Obsessional thoughts of causing accidents (finding)	ALWAYS F42.0
F42.0	191738003	obsessiv neuros	1	Obsessional neurosis (disorder)	ALWAYS F42.0
F42.0	247872008	tvångstankar om att egendom skadas	1	Obsessional thoughts of harm occurring to property (finding)	ALWAYS F42.0
F23.1	712850003	akut polymorf psykotisk störning samtidigt med schizofrenisymtom	1	Acute polymorphic psychotic disorder co-occurrent with symptoms of schizophrenia (disorder)	ALWAYS F23.1
F02.3	425390006	demens i samband med Parkinsons sjukdom	2	Dementia associated with Parkinson's Disease (disorder)	ALWAYS F02.3 | THIS CODE MAY BE USED IN THE PRIMARY POSITION WHEN THE MANIFESTATION IS THE PRIMARY FOCUS OF CARE
F02.3	62239001	Parkinsondemenskomplex på Guam	2	Parkinson-dementia complex of Guam (disorder)	ALWAYS F02.3 | THIS CODE MAY BE USED IN THE PRIMARY POSITION WHEN THE MANIFESTATION IS THE PRIMARY FOCUS OF CARE
F02.3	101421000119107	demens orsakad av Parkinsons sjukdom	2	Dementia due to Parkinson's disease (disorder)	ALWAYS F02.3 | THIS CODE MAY BE USED IN THE PRIMARY POSITION WHEN THE MANIFESTATION IS THE PRIMARY FOCUS OF CARE
F02.3	715737004	parkinsonism med demens av typen Guadeloupe	2	Parkinsonism co-occurrent with dementia of Guadeloupe (disorder)	ALWAYS F02.3 | THIS CODE MAY BE USED IN THE PRIMARY POSITION WHEN THE MANIFESTATION IS THE PRIMARY FOCUS OF CARE
F19.0	724711008	förgiftning orsakad av ketamin	1	Intoxication caused by ketamine (disorder)	ALWAYS F19.0
F19.0	762506007	delirium orsakat av syntetiskt katinon	1	Delirium caused by synthetic cathinone (disorder)	ALWAYS F19.0
F19.0	20871009	förgiftning orsakad av PCP	1	Phencyclidine intoxication (disorder)	ALWAYS F19.0
F19.0	396344000	organisk förgiftning utlöst av psykoaktiv substans	1	Psychoactive substance-induced organic intoxication (disorder)	ALWAYS F19.0 | MAPPED FOLLOWING WHO GUIDANCE
F19.0	39003006	organiskt delirium utlöst av psykoaktiv substans	1	Psychoactive substance-induced organic delirium (disorder)	ALWAYS F19.0
F19.0	191492000	läkemedelsutlöst delirium	1	Drug-induced delirium (disorder)	ALWAYS F19.0
F19.0	772808000	förgiftning orsakad av missbruk av droger för rekreation	1	Intoxication caused by recreational drug misuse (disorder)	ALWAYS F19.0
F19.0	31715000	fencyklidinutlöst delirium	1	Phencyclidine delirium (disorder)	ALWAYS F19.0
F19.0	762671008	intoxikation av syntetiskt katinon	1	Intoxication caused by synthetic cathinone (disorder)	ALWAYS F19.0
F19.0	231466009	akut läkemedelsintoxikation	1	Acute drug intoxication (disorder)	ALWAYS F19.0
F18.0	60901005	lösningsmedelsintoxikation	1	Inhalant intoxication (disorder)	ALWAYS F18.0
F18.0	18689007	delirium orsakad av lösningsmedel	1	Inhalant intoxication delirium (disorder)	ALWAYS F18.0
F06.1	231442003	organisk katatoni	1	Organic catatonic disorder (disorder)	ALWAYS F06.1 | POSSIBLE REQUIREMENT FOR ADDITIONAL CODE TO FULLY DESCRIBE DISEASE OR CONDITION
F23.2	278853003	akut schizofreniliknande psykotisk störning	1	Acute schizophrenia-like psychotic disorder (disorder)	ALWAYS F23.2
F23.2	102940002	schizofren reaktion	1	Schizophrenic reaction (finding)	ALWAYS F23.2
F23.2	307504004	oneirofreni	1	Oneirophrenia (finding)	ALWAYS F23.2
F25.0	271428004	schizoaffektivt syndrom, manisk typ	1	Schizoaffective disorder, manic type (disorder)	ALWAYS F25.0
F20.4	231485007	postschizofren depression	1	Post-schizophrenic depression (disorder)	ALWAYS F20.4
F72.1	783702009	X-bunden intellektuell funktionsnedsättning orsakad av GRIA3-mutationer	1	X-linked intellectual disability due to glutamate ionotropic receptor AMPA type subunit 3 mutations (disorder)	ALWAYS F72.1 | POSSIBLE REQUIREMENT FOR ADDITIONAL CODE TO FULLY DESCRIBE DISEASE OR CONDITION
F29	280427006	psykotiskt symtom föreligger	1	Psychotic symptom present (finding)	ALWAYS F29
F29	69322001	psykotiskt syndrom	1	Psychotic disorder (disorder)	ALWAYS F29
F29	724758000	manisymtom samtidiga med och orsakade av primärt psykotiskt syndrom	1	Manic symptoms co-occurrent and due to primary psychotic disorder (disorder)	ALWAYS F29 | POSSIBLE REQUIREMENT FOR ADDITIONAL CODE TO FULLY DESCRIBE DISEASE OR CONDITION
F29	724756001	negativa symtom samtidiga med och orsakade av primärt psykotiskt syndrom	1	Negative symptoms co-occurrent and due to primary psychotic disorder (disorder)	ALWAYS F29
F29	724759008	psykomotoriskt symtom samtidigt med och orsakat av psykotiskt syndrom	1	Psychomotor symptom co-occurrent and due to psychotic disorder (disorder)	ALWAYS F29
F29	724760003	nedsatt kognition samtidig med och orsakad av primärt psykotiskt syndrom	1	Cognitive impairment co-occurrent and due to primary psychotic disorder (disorder)	ALWAYS F29
F29	724755002	positiva symtom samtidiga med och orsakade av primärt psykotiskt syndrom	1	Positive symptoms co-occurrent and due to primary psychotic disorder (disorder)	ALWAYS F29
F29	10760461000119107	psykotisk störning hos moder som komplicerar graviditet	2	Psychotic disorder in mother complicating pregnancy (disorder)	ALWAYS F29
F29	191525009	icke-organiska psykoser	1	Non-organic psychosis (disorder)	ALWAYS F29
F29	786120041000132108	substansutlöst psykotisk störning	1	Psychotic disorder caused by substance (disorder)	ALWAYS F29 | POSSIBLE REQUIREMENT FOR AN EXTERNAL CAUSE CODE
F29	724757005	depressionssymtom samtidigt med och orsakat av primärt psykotiskt syndrom	1	Depressive symptoms co-occurrent and due to primary psychotic disorder (disorder)	ALWAYS F29 | POSSIBLE REQUIREMENT FOR ADDITIONAL CODE TO FULLY DESCRIBE DISEASE OR CONDITION
F29	473452003	atypisk psykos	1	Atypical psychosis (disorder)	ALWAYS F29
F29	10760421000119102	psykotisk störning hos moder som komplicerar förlossning	2	Psychotic disorder in mother complicating childbirth (disorder)	ALWAYS F29
F11.0	77721001	opioidintoxikation	1	Opioid intoxication (disorder)	ALWAYS F11.0
F11.0	52866005	delirium orsakat av opioidintoxikation	1	Opioid intoxication delirium (disorder)	ALWAYS F11.0
F31.4	53049002	svår bipolär sjukdom utan psykotiska symtom	1	Severe bipolar disorder without psychotic features (disorder)	ALWAYS F31.4
F31.4	261000119107	svår depressiv bipolär sjukdom typ 1	1	Severe depressed bipolar I disorder (disorder)	ALWAYS F31.4
F31.4	61403008	svår depressiv bipolär sjukdom typ 1 utan psykotiska symtom	1	Severe depressed bipolar I disorder without psychotic features (disorder)	ALWAYS F31.4
F15.0	8837000	amfetamindelirium	1	Amphetamine delirium (disorder)	ALWAYS F15.0
F15.0	762323002	stimulantiaintoxikation	1	Intoxication caused by stimulant (disorder)	ALWAYS F15.0
F15.0	762324008	delirium orsakat av stimulerande medel	1	Delirium caused by stimulant (disorder)	ALWAYS F15.0
F15.0	12398571000119105	förgiftning orsakad av metamfetamin	1	Methamphetamine intoxication (disorder)	ALWAYS F15.0
F15.0	724705005	delirium orsakat av metylendioximetamfetamin	1	Delirium caused by methylenedioxymethamphetamine (disorder)	ALWAYS F15.0
F15.0	16236661000119100	Delirium due to methamphetamine intoxication	1	Delirium due to methamphetamine intoxication (disorder)	ALWAYS F15.0
F15.0	45421006	amfetaminintoxikation	1	Amphetamine intoxication (disorder)	ALWAYS F15.0
F19.5	231451006	substansutlöst intensivvårdspsykos	1	Drug-induced intensive care psychosis (disorder)	ALWAYS F19.5
F19.5	762509000	psykotiskt syndrom orsakat av syntetiskt katinon och med vanföreställningar	1	Psychotic disorder with delusions caused by synthetic cathinone (disorder)	ALWAYS F19.5
F19.5	191483003	substansutlöst psykos	1	Drug-induced psychosis (disorder)	ALWAYS F19.5
F19.5	32552001	organiskt vanföreställningssyndrom utlöst av psykoaktiv substans	1	Psychoactive substance-induced organic delusional disorder (disorder)	ALWAYS F19.5
F19.5	788879008	Catatonia caused by psychoactive substance	2	Catatonia caused by psychoactive substance (finding)	ALWAYS F19.5
F19.5	33871004	fencyklidinutlöst psykotiskt syndrom med hallucinationer	1	Phencyclidine-induced psychotic disorder with hallucinations (disorder)	ALWAYS F19.5
F19.5	762508008	psykotiskt syndrom orsakat av syntetiskt katinon och med hallucinationer	1	Psychotic disorder with hallucinations caused by synthetic cathinone (disorder)	ALWAYS F19.5
F19.5	191485005	substansutlöst paranoiskt tillstånd	1	Drug-induced paranoid state (disorder)	ALWAYS F19.5
F19.5	762507003	psykotiskt syndrom orsakat av syntetiskt katinon	1	Psychotic disorder caused by synthetic cathinone (disorder)	ALWAYS F19.5
F19.5	724729003	psykotiskt syndrom orsakat av psykoaktiv substans	1	Psychotic disorder caused by psychoactive substance (disorder)	ALWAYS F19.5
F19.5	762510005	psykotiskt syndrom orsakat av syntetiskt katinon och med schizofreniforma symtom	1	Psychotic disorder with schizophreniform symptoms caused by synthetic cathinone (disorder)	ALWAYS F19.5
F19.5	191484009	substansutlöst paranoia eller hallucinatoriska tillstånd	1	Drug-induced paranoia or hallucinatory states (disorder)	ALWAYS F19.5
F19.5	28368009	organisk hallucinos utlöst av psykoaktiv substans	1	Psychoactive substance-induced organic hallucinosis (disorder)	ALWAYS F19.5
F19.5	724719005	psykotiskt syndrom orsakat av ketamin	1	Psychotic disorder caused by ketamine (disorder)	ALWAYS F19.5
F19.5	50722006	fencyklidinutlöst vanföreställningssyndrom	1	Phencyclidine delusional disorder (disorder)	ALWAYS F19.5
F19.5	191486006	substansutlöst hallucinos	1	Drug-induced hallucinosis (disorder)	ALWAYS F19.5
F20.2	102909009	kataton reaktion	1	Catatonic reaction (finding)	ALWAYS F20.2
F20.2	111483008	kataton schizofreni i remission	1	Catatonic schizophrenia in remission (disorder)	ALWAYS F20.2
F20.2	191547009	akut exacerbation av subkronisk kataton schizofreni	1	Acute exacerbation of subchronic catatonic schizophrenia (disorder)	ALWAYS F20.2
F20.2	68434003	kataton oro	1	Catatonic excitement (finding)	ALWAYS F20.2
F20.2	247917007	katatoni	1	Catatonia (finding)	ALWAYS F20.2
F20.2	191548004	akut exacerbation av kronisk kataton schizofreni	1	Acute exacerbation of chronic catatonic schizophrenia (disorder)	ALWAYS F20.2
F20.2	68995007	kronisk kataton schizofreni	1	Chronic catatonic schizophrenia (disorder)	ALWAYS F20.2
F20.2	441833000	letal katatoni	1	Lethal catatonia (disorder)	ALWAYS F20.2
F20.2	788879008	Catatonia caused by psychoactive substance	1	Catatonia caused by psychoactive substance (finding)	ALWAYS F20.2
F20.2	191542003	kataton schizofreni	1	Catatonic schizophrenia (disorder)	ALWAYS F20.2
F20.2	22264002	kataton rigiditet	1	Catatonic rigidity (finding)	ALWAYS F20.2
F20.2	36734001	kataton kroppshållning	1	Catatonic posturing (finding)	ALWAYS F20.2
F20.2	42868002	subkronisk kataton schizofreni	1	Subchronic catatonic schizophrenia (disorder)	ALWAYS F20.2
F20.2	46153004	kataton stupor	1	Catatonic stupor (finding)	ALWAYS F20.2
F22.8	238972008	kutan monosymtomatisk vanföreställningspsykos	1	Cutaneous monosymptomatic delusional psychosis (disorder)	ALWAYS F22.8
F22.8	33323008	somatiskt vanföreställningssyndrom	1	Somatic delusion disorder (disorder)	ALWAYS F22.8
F22.8	238974009	vanföreställningar om infestation	1	Delusions of infestation (disorder)	ALWAYS F22.8
F22.8	278506006	involutionsparanoida tillstånd	1	Involutional paranoid state (disorder)	ALWAYS F22.8
F22.8	8330006	vanföreställning om otrohet	1	Delusion of infidelity (finding)	ALWAYS F22.8
F22.8	238973003	vanföreställningar om parasitos	1	Delusions of parasitosis (disorder)	ALWAYS F22.8
F22.8	278508007	dysmorfofobi av vanföreställningskaraktär	1	Delusional dysmorphophobia (disorder)	ALWAYS F22.8
F22.8	238979004	hyposchemazi	1	Hyposchemazia (disorder)	ALWAYS F22.8
F22.8	403595006	Pinocchiosyndrom	1	Pinocchio syndrome (disorder)	ALWAYS F22.8
F22.8	191672000	kverulansparanoia	1	Paranoia querulans (disorder)	ALWAYS F22.8
F22.8	238975005	vanföreställning om lukt	1	Delusion of foul odor (disorder)	ALWAYS F22.8
F22.8	26472000	parafreni	1	Paraphrenia (disorder)	ALWAYS F22.8
F22.8	238977002	vanföretällningar om hyperhidros	1	Delusional hyperhidrosis (disorder)	ALWAYS F22.8
F22.8	238978007	hyperschemazi	1	Hyperschemazia (disorder)	ALWAYS F22.8
F22.0	55009008	primär degenerativ demens av Alzheimertyp, senil debut, med vanföreställningar	3	Primary degenerative dementia of the Alzheimer type, senile onset, with delusions (disorder)	ALWAYS F22.0
F22.0	247683002	vanföreställning om att vara älskad	1	Delusion of being loved (finding)	ALWAYS F22.0
F22.0	60123008	vanföreställningssyndrom, blandad typ	1	Delusional disorder, mixed type (disorder)	ALWAYS F22.0
F22.0	247686005	depressiv vanföreställning om katastrof	1	Depressive delusion of catastrophe (finding)	ALWAYS F22.0
F22.0	417233008	paranoid ideation	1	Paranoid ideation (finding)	ALWAYS F22.0
F22.0	53138005	stämningsinkongruent vanföreställning	1	Mood-incongruent delusion (finding)	ALWAYS F22.0
F22.0	216004	vanföreställning om förföljelse	1	Delusion of persecution (finding)	ALWAYS F22.0
F22.0	247680004	vanföreställning om utseende	1	Delusion concerning appearance (finding)	ALWAYS F22.0
F22.0	129604005	vanföreställning om hjärtsjukdom	1	Delusion of heart disease syndrome (disorder)	ALWAYS F22.0
F22.0	247675008	vanföreställning förenad med lukt	1	Delusion associated with smell (finding)	ALWAYS F22.0
F22.0	67348001	konklusion av vanföreställningskaraktär	1	Delusional conclusion (finding)	ALWAYS F22.0
F22.0	225452001	paranoid vanföreställning	1	Paranoid delusion (finding)	ALWAYS F22.0
F22.0	47447001	vanföreställningssyndrom med storhetsvansinne	1	Grandiose delusion disorder (disorder)	ALWAYS F22.0
F22.0	82791007	bisarr vanföreställning	1	Bizarre delusion (finding)	ALWAYS F22.0
F22.0	40277007	systematiserad vanföreställning	1	Systematized delusion (finding)	ALWAYS F22.0
F22.0	268622001	kronisk paranoid psykos	1	Chronic paranoid psychosis (disorder)	ALWAYS F22.0
F22.0	247667002	grandiosa vanföreställningar	1	Grandiose delusions (finding)	ALWAYS F22.0
F22.0	64514005	perception av vanföreställningskaraktär	1	Delusional perception (finding)	ALWAYS F22.0
F22.0	38295006	involutionsparafreni	1	Involutional paraphrenia (disorder)	ALWAYS F22.0
F22.0	225451008	vanföreställning om tv:n	1	Believes television is bugged (finding)	ALWAYS F22.0
F22.0	698951002	vanföreställningssyndrom i remission	1	Delusional disorder in remission (disorder)	ALWAYS F22.0
F22.0	247688006	hypokondrisk vanföreställning	1	Hypochondriacal delusion (finding)	ALWAYS F22.0
F22.0	247671004	religiös vanföreställning	1	Religious delusion (finding)	ALWAYS F22.0
F22.0	723900003	vanföreställningssyndrom för närvarande i partiell remission	1	Delusional disorder currently in partial remission (disorder)	ALWAYS F22.0
F22.0	357705009	Cotards syndrom	1	Cotard's syndrome (disorder)	ALWAYS F22.0
F22.0	191667009	paranoid störning	1	Paranoid disorder (disorder)	ALWAYS F22.0
F22.0	247677000	bisarr vanföreställning förenad med kroppsförnimmelse	1	Bizarre delusion associated with bodily sensation (finding)	ALWAYS F22.0
F22.0	416890005	vid undersökning: vanföreställning om förföljelse	1	On examination - delusion of persecution (finding)	ALWAYS F22.0
F22.0	247689003	depressiv hypokondrisk vanföreställning	1	Depressive hypochondriacal delusion (finding)	ALWAYS F22.0
F22.0	723901004	vanföreställningssyndrom för närvarande i fullständig remission	1	Delusional disorder currently in full remission (disorder)	ALWAYS F22.0
F22.0	77475008	vanföreställningssyndrom med svartsjukeparanoia	1	Jealous delusion disorder (disorder)	ALWAYS F22.0
F22.0	247684008	vanföreställning om katastrof	1	Delusion of catastrophe (finding)	ALWAYS F22.0
F22.0	89618007	persekutiva vanföreställningar	1	Persecutory delusion disorder (disorder)	ALWAYS F22.0
F22.0	247679002	nihilistisk vanföreställning	1	Nihilistic delusion (finding)	ALWAYS F22.0
F22.0	247691006	vanföreställning om att viljan styrs av en yttre kraft	1	Delusion of replacement of will by external force (finding)	ALWAYS F22.0
F22.0	89809008	parasitosparanoia	1	Delusion of parasitosis (finding)	ALWAYS F22.0
F22.0	54502004	primär degenerativ demens av Alzheimertyp, presenil debut, med vanföreställningar	3	Primary degenerative dementia of the Alzheimer type, presenile onset, with delusions (disorder)	ALWAYS F22.0
F22.0	247693009	vanföreställning om kontrollerad handskrift	1	Delusion of control of handwriting (finding)	ALWAYS F22.0
F22.0	25772007	multiinfarktdemens med vanföreställningar	2	Multi-infarct dementia with delusions (disorder)	ALWAYS F22.0
F22.0	247670003	vanföreställning om speciellt uppdrag	1	Delusion of special mission (finding)	ALWAYS F22.0
F22.0	247696001	vanföreställning om eget utseende	1	Delusion of own appearance (finding)	ALWAYS F22.0
F22.0	191668004	enkelt paranoiskt tillstånd	1	Simple paranoid state (disorder)	ALWAYS F22.0
F22.0	82870007	pornografomani	1	Pornographomania (finding)	ALWAYS F22.0
F22.0	53297005	Fregolis syndrom	1	Fregoli syndrome (finding)	ALWAYS F22.0
F22.0	225660005	tror att telefoner är avlyssnade	1	Believes phones are bugged (finding)	ALWAYS F22.0
F22.0	162313000	patologisk svartsjuka	1	Morbid jealousy (disorder)	ALWAYS F22.0
F22.0	77303001	vanföreställning om fattigdom	1	Delusion of poverty (finding)	ALWAYS F22.0
F22.0	191465006	aterosklerotisk demens med paranoia	2	Arteriosclerotic dementia with paranoia (disorder)	ALWAYS F22.0
F22.0	31081000119101	presenil demens med vanföreställningar	2	Presenile dementia with delusions (disorder)	ALWAYS F22.0
F22.0	12332005	mytomani	1	Pseudologia fantastica (finding)	ALWAYS F22.0
F22.0	247687001	depressiv vanföreställning om fattigdom	1	Depressive delusion of poverty (finding)	ALWAYS F22.0
F22.0	48500005	vanföreställningssyndrom	1	Delusional disorder (disorder)	ALWAYS F22.0
F22.0	723899008	vanföreställningssyndrom för närvarande symtomatiskt	1	Delusional disorder currently symptomatic (disorder)	ALWAYS F22.0
F22.0	247673001	rådvillhet av vanföreställningskaraktär	1	Delusional perplexity (finding)	ALWAYS F22.0
F22.0	2073000	vanföreställningar	1	Delusions (finding)	ALWAYS F22.0
F22.0	416611006	vid undersökning: paranoida vanföreställningar	1	On examination - paranoid delusions (finding)	ALWAYS F22.0
F22.0	14144000	vanföreställningssyndrom med erotomani	1	Erotomanic delusion disorder (disorder)	ALWAYS F22.0
F22.0	276243003	primära vanföreställningar	1	Primary delusions (finding)	ALWAYS F22.0
F22.0	247668007	vanföreställning om grandios förmåga	1	Delusion of grandiose ability (finding)	ALWAYS F22.0
F22.0	247692004	vanföreställning om kontrollerad röst	1	Delusion of control of voice (finding)	ALWAYS F22.0
F31.8	191590005	recidiverande maniska episoder	1	Recurrent manic episodes (disorder)	ALWAYS F31.8
F31.8	35846004	medelsvår bipolär sjukdom typ 2, senaste episod egentlig depression	1	Moderate bipolar II disorder, most recent episode major depressive (disorder)	ALWAYS F31.8
F31.8	371604007	svår bipolär sjukdom typ 2	1	Severe bipolar II disorder (disorder)	ALWAYS F31.8
F31.8	12969000	svår bipolär sjukdom typ 2, senaste episod egentlig depression i fullständig remission	1	Severe bipolar II disorder, most recent episode major depressive, in full remission (disorder)	ALWAYS F31.8
F31.8	48937005	bipolär sjukdom typ 2, senaste episod hypomani	1	Bipolar II disorder, most recent episode hypomanic (disorder)	ALWAYS F31.8
F31.8	83225003	bipolär sjukdom typ 2	1	Bipolar II disorder (disorder)	ALWAYS F31.8
F31.8	71294008	lindrig bipolär sjukdom typ 2, senaste episod egentlig depression	1	Mild bipolar II disorder, most recent episode major depressive (disorder)	ALWAYS F31.8
F31.8	35722002	svår bipolär sjukdom typ 2, senaste episod egentlig depression i remission	1	Severe bipolar II disorder, most recent episode major depressive, in remission (disorder)	ALWAYS F31.8
F31.8	19300006	svår bipolär sjukdom typ 2, senaste episod egentlig depression med stämningskongruenta psykotiska symtom	1	Severe bipolar II disorder, most recent episode major depressive with psychotic features, mood-congruent (disorder)	ALWAYS F31.8
F31.8	191593007	medelsvåra recidiverande maniska episoder	1	Recurrent manic episodes, moderate (disorder)	ALWAYS F31.8
F31.8	191592002	lindriga recidiverande maniska episoder	1	Recurrent manic episodes, mild (disorder)	ALWAYS F31.8
F31.8	1196001	kronisk bipolär sjukdom typ 2, senaste episod egentlig depression	1	Chronic bipolar II disorder, most recent episode major depressive (disorder)	ALWAYS F31.8
F31.8	20960007	svår bipolär sjukdom typ 2, senaste episod egentlig depression med stämningsinkongruenta psykotiska symtom	1	Severe bipolar II disorder, most recent episode major depressive with psychotic features, mood-incongruent (disorder)	ALWAYS F31.8
F31.8	81319007	svår bipolär sjukdom typ 2, senaste episod egentlig depression utan psykotiska symtom	1	Severe bipolar II disorder, most recent episode major depressive without psychotic features (disorder)	ALWAYS F31.8
F31.8	16295005	bipolär sjukdom typ 2, senaste episod egentlig depression	1	Bipolar II disorder, most recent episode major depressive (disorder)	ALWAYS F31.8
F31.8	22407005	bipolär sjukdom typ 2, senaste episod egentlig depression med katatona symtom	1	Bipolar II disorder, most recent episode major depressive with catatonic features (disorder)	ALWAYS F31.8
F31.8	789061003	Rapid cycling bipolar II disorder	1	Rapid cycling bipolar II disorder (disorder)	ALWAYS F31.8
F31.8	30520009	svår bipolär sjukdom typ 2, senaste episod egentlig depression med psykotiska symtom	1	Severe bipolar II disorder, most recent episode major depressive with psychotic features (disorder)	ALWAYS F31.8
F31.8	67002003	svår bipolär sjukdom typ 2, senaste episod egentlig depression i partiell remission	1	Severe bipolar II disorder, most recent episode major depressive, in partial remission (disorder)	ALWAYS F31.8
F31.8	191597008	recidiverande maniska episoder i fullständig remission	1	Recurrent manic episodes, in full remission (disorder)	ALWAYS F31.8
F31.8	70546001	svår bipolär sjukdom med stämningskongruenta psykotiska symtom	1	Severe bipolar disorder with psychotic features, mood-congruent (disorder)	ALWAYS F31.8 | POSSIBLE REQUIREMENT FOR ADDITIONAL CODE TO FULLY DESCRIBE DISEASE OR CONDITION
F31.8	723905008	bipolär sjukdom typ 2, för närvarande i fullständig remission	1	Bipolar type II disorder currently in full remission (disorder)	ALWAYS F31.8
F31.8	43568002	bipolär sjukdom typ 2, senaste episod egentlig depression med atypiska symtom	1	Bipolar II disorder, most recent episode major depressive with atypical features (disorder)	ALWAYS F31.8
F31.8	34315001	bipolär sjukdom typ 2, senaste episod egentlig depression med melankoliska symtom	1	Bipolar II disorder, most recent episode major depressive with melancholic features (disorder)	ALWAYS F31.8
F30.8	191658009	atypisk manisk sjukdom	1	Atypical manic disorder (disorder)	ALWAYS F30.8
F00.0	416780008	primär degenerativ demens av Alzheimertyp, presenil debut	2	Primary degenerative dementia of the Alzheimer type, presenile onset (disorder)	ALWAYS F00.0 | THIS CODE MAY BE USED IN THE PRIMARY POSITION WHEN THE MANIFESTATION IS THE PRIMARY FOCUS OF CARE
F00.0	230266001	tidigt debuterande icke-familjär Alzheimers sjukdom	2	Non-familial Alzheimer's disease of early onset (disorder)	ALWAYS F00.0 | THIS CODE MAY BE USED IN THE PRIMARY POSITION WHEN THE MANIFESTATION IS THE PRIMARY FOCUS OF CARE
F00.0	65096006	primär degenerativ demens av Alzheimertyp, presenil debut, med delirium	2	Primary degenerative dementia of the Alzheimer type, presenile onset, with delirium (disorder)	ALWAYS F00.0 | THIS CODE MAY BE USED IN THE PRIMARY POSITION WHEN THE MANIFESTATION IS THE PRIMARY FOCUS OF CARE
F00.0	54502004	primär degenerativ demens av Alzheimertyp, presenil debut, med vanföreställningar	2	Primary degenerative dementia of the Alzheimer type, presenile onset, with delusions (disorder)	ALWAYS F00.0 | THIS CODE MAY BE USED IN THE PRIMARY POSITION WHEN THE MANIFESTATION IS THE PRIMARY FOCUS OF CARE
F00.0	6475002	primär degenerativ demens av Alzheimertyp, presenil debut, okomplicerad	2	Primary degenerative dementia of the Alzheimer type, presenile onset, uncomplicated (disorder)	ALWAYS F00.0 | THIS CODE MAY BE USED IN THE PRIMARY POSITION WHEN THE MANIFESTATION IS THE PRIMARY FOCUS OF CARE
F00.0	698955006	primär degenerativ demens av Alzheimertyp, presenil debut i remission	2	Primary degenerative dementia of the Alzheimer type, presenile onset in remission (disorder)	ALWAYS F00.0 | THIS CODE MAY BE USED IN THE PRIMARY POSITION WHEN THE MANIFESTATION IS THE PRIMARY FOCUS OF CARE
F00.0	10532003	primär degenerativ demens av Alzheimertyp, presenil debut, med depression	2	Primary degenerative dementia of the Alzheimer type, presenile onset, with depression (disorder)	ALWAYS F00.0 | THIS CODE MAY BE USED IN THE PRIMARY POSITION WHEN THE MANIFESTATION IS THE PRIMARY FOCUS OF CARE
F00.0	230265002	tidigt debuterande familjär Alzheimers sjukdom	2	Familial Alzheimer's disease of early onset (disorder)	ALWAYS F00.0 | THIS CODE MAY BE USED IN THE PRIMARY POSITION WHEN THE MANIFESTATION IS THE PRIMARY FOCUS OF CARE
F16.5	724718002	psykotiskt syndrom orsakat av drog eller läkemedel av dissociativ typ	1	Psychotic disorder caused by dissociative drug (disorder)	ALWAYS F16.5
F16.5	21831000119109	fencyklidinpsykos	1	Phencyclidine psychosis (disorder)	ALWAYS F16.5
F16.5	32009006	hallucinogen hallucinos	1	Hallucinogen hallucinosis (disorder)	ALWAYS F16.5
F16.5	724696008	psykotiskt syndrom orsakat av hallucinogen	1	Psychotic disorder caused by hallucinogen (disorder)	ALWAYS F16.5
Completed
